Date,Actual,Forecast,Model
2024-01-02,2064.4,2062.761620797806,ARIMA
2024-01-03,2034.2,2062.7987230988656,ARIMA
2024-01-04,2042.3,2062.8025297956933,ARIMA
2024-01-05,2042.4,2062.802920362864,ARIMA
2024-01-08,2026.6,2062.8029604350636,ARIMA
2024-01-09,2026.4,2062.802964546472,ARIMA
2024-01-10,2021.7,2062.8029649683026,ARIMA
2024-01-11,2014.3,2062.8029650115823,ARIMA
2024-01-12,2046.7,2062.802965016023,ARIMA
2024-01-16,2026.0,2062.8029650164785,ARIMA
2024-01-17,2002.6,2062.8029650165254,ARIMA
2024-01-18,2018.6,2062.8029650165304,ARIMA
2024-01-19,2026.5,2062.802965016531,ARIMA
2024-01-22,2019.8,2062.802965016531,ARIMA
2024-01-23,2023.7,2062.802965016531,ARIMA
2024-01-24,2013.9,2062.802965016531,ARIMA
2024-01-25,2016.9,2062.802965016531,ARIMA
2024-01-26,2016.8,2062.802965016531,ARIMA
2024-01-29,2025.2,2062.802965016531,ARIMA
2024-01-30,2031.5,2062.802965016531,ARIMA
2024-01-31,2048.4,2062.802965016531,ARIMA
2024-02-01,2053.0,2062.802965016531,ARIMA
2024-02-02,2036.1,2062.802965016531,ARIMA
2024-02-05,2025.7,2062.802965016531,ARIMA
2024-02-06,2034.5,2062.802965016531,ARIMA
2024-02-07,2035.2,2062.802965016531,ARIMA
2024-02-08,2032.2,2062.802965016531,ARIMA
2024-02-09,2023.3,2062.802965016531,ARIMA
2024-02-12,2018.2,2062.802965016531,ARIMA
2024-02-13,1992.9,2062.802965016531,ARIMA
2024-02-14,1990.3,2062.802965016531,ARIMA
2024-02-15,2002.1,2062.802965016531,ARIMA
2024-02-16,2011.5,2062.802965016531,ARIMA
2024-02-20,2027.5,2062.802965016531,ARIMA
2024-02-21,2022.3,2062.802965016531,ARIMA
2024-02-22,2019.7,2062.802965016531,ARIMA
2024-02-23,2038.6,2062.802965016531,ARIMA
2024-02-26,2028.5,2062.802965016531,ARIMA
2024-02-27,2034.0,2062.802965016531,ARIMA
2024-02-28,2033.0,2062.802965016531,ARIMA
2024-02-29,2045.7,2062.802965016531,ARIMA
2024-03-01,2086.9,2062.802965016531,ARIMA
2024-03-04,2117.7,2062.802965016531,ARIMA
2024-03-05,2133.5,2062.802965016531,ARIMA
2024-03-06,2150.3,2062.802965016531,ARIMA
2024-03-07,2158.0,2062.802965016531,ARIMA
2024-03-08,2178.6,2062.802965016531,ARIMA
2024-03-11,2182.5,2062.802965016531,ARIMA
2024-03-12,2160.4,2062.802965016531,ARIMA
2024-03-13,2175.4,2062.802965016531,ARIMA
2024-03-14,2163.0,2062.802965016531,ARIMA
2024-03-15,2157.3,2062.802965016531,ARIMA
2024-03-18,2160.7,2062.802965016531,ARIMA
2024-03-19,2156.3,2062.802965016531,ARIMA
2024-03-20,2157.9,2062.802965016531,ARIMA
2024-03-21,2182.4,2062.802965016531,ARIMA
2024-03-22,2158.1,2062.802965016531,ARIMA
2024-03-25,2174.8,2062.802965016531,ARIMA
2024-03-26,2175.6,2062.802965016531,ARIMA
2024-03-27,2190.6,2062.802965016531,ARIMA
2024-03-28,2217.4,2062.802965016531,ARIMA
2024-04-01,2236.5,2062.802965016531,ARIMA
2024-04-02,2261.0,2062.802965016531,ARIMA
2024-04-03,2294.4,2062.802965016531,ARIMA
2024-04-04,2288.8,2062.802965016531,ARIMA
2024-04-05,2325.7,2062.802965016531,ARIMA
2024-04-08,2331.7,2062.802965016531,ARIMA
2024-04-09,2343.5,2062.802965016531,ARIMA
2024-04-10,2329.6,2062.802965016531,ARIMA
2024-04-11,2354.8,2062.802965016531,ARIMA
2024-04-12,2356.2,2062.802965016531,ARIMA
2024-04-15,2365.8,2062.802965016531,ARIMA
2024-04-16,2390.8,2062.802965016531,ARIMA
2024-04-17,2371.7,2062.802965016531,ARIMA
2024-04-18,2382.3,2062.802965016531,ARIMA
2024-04-19,2398.4,2062.802965016531,ARIMA
2024-04-22,2332.2,2062.802965016531,ARIMA
2024-04-23,2327.7,2062.802965016531,ARIMA
2024-04-24,2324.5,2062.802965016531,ARIMA
2024-04-25,2329.8,2062.802965016531,ARIMA
2024-04-26,2334.8,2062.802965016531,ARIMA
2024-04-29,2345.4,2062.802965016531,ARIMA
2024-04-30,2291.4,2062.802965016531,ARIMA
2024-05-01,2299.9,2062.802965016531,ARIMA
2024-05-02,2299.2,2062.802965016531,ARIMA
2024-05-03,2299.0,2062.802965016531,ARIMA
2024-05-06,2321.6,2062.802965016531,ARIMA
2024-05-07,2315.2,2062.802965016531,ARIMA
2024-05-08,2313.6,2062.802965016531,ARIMA
2024-05-09,2332.1,2062.802965016531,ARIMA
2024-05-10,2367.3,2062.802965016531,ARIMA
2024-05-13,2336.1,2062.802965016531,ARIMA
2024-05-14,2353.4,2062.802965016531,ARIMA
2024-05-15,2388.7,2062.802965016531,ARIMA
2024-05-16,2380.0,2062.802965016531,ARIMA
2024-05-17,2412.2,2062.802965016531,ARIMA
2024-05-20,2433.9,2062.802965016531,ARIMA
2024-05-21,2421.7,2062.802965016531,ARIMA
2024-05-22,2389.2,2062.802965016531,ARIMA
2024-05-23,2335.0,2062.802965016531,ARIMA
2024-05-24,2332.5,2062.802965016531,ARIMA
2024-05-28,2355.2,2062.802965016531,ARIMA
2024-05-29,2340.3,2062.802965016531,ARIMA
2024-05-30,2342.9,2062.802965016531,ARIMA
2024-05-31,2322.9,2062.802965016531,ARIMA
2024-06-03,2346.6,2062.802965016531,ARIMA
2024-06-04,2325.5,2062.802965016531,ARIMA
2024-06-05,2354.1,2062.802965016531,ARIMA
2024-06-06,2370.3,2062.802965016531,ARIMA
2024-06-07,2305.2,2062.802965016531,ARIMA
2024-06-10,2307.7,2062.802965016531,ARIMA
2024-06-11,2307.5,2062.802965016531,ARIMA
2024-06-12,2336.0,2062.802965016531,ARIMA
2024-06-13,2300.2,2062.802965016531,ARIMA
2024-06-14,2331.4,2062.802965016531,ARIMA
2024-06-17,2312.4,2062.802965016531,ARIMA
2024-06-18,2330.4,2062.802965016531,ARIMA
2024-06-20,2353.8,2062.802965016531,ARIMA
2024-06-21,2316.4,2062.802965016531,ARIMA
2024-06-24,2330.0,2062.802965016531,ARIMA
2024-06-25,2316.6,2062.802965016531,ARIMA
2024-06-26,2299.2,2062.802965016531,ARIMA
2024-06-27,2324.5,2062.802965016531,ARIMA
2024-06-28,2327.7,2062.802965016531,ARIMA
2024-07-01,2327.6,2062.802965016531,ARIMA
2024-07-02,2323.0,2062.802965016531,ARIMA
2024-07-03,2359.8,2062.802965016531,ARIMA
2024-07-05,2388.5,2062.802965016531,ARIMA
2024-07-08,2355.2,2062.802965016531,ARIMA
2024-07-09,2360.1,2062.802965016531,ARIMA
2024-07-10,2372.2,2062.802965016531,ARIMA
2024-07-11,2415.0,2062.802965016531,ARIMA
2024-07-12,2414.0,2062.802965016531,ARIMA
2024-07-15,2422.9,2062.802965016531,ARIMA
2024-07-16,2462.4,2062.802965016531,ARIMA
2024-07-17,2454.8,2062.802965016531,ARIMA
2024-07-18,2451.8,2062.802965016531,ARIMA
2024-07-19,2395.5,2062.802965016531,ARIMA
2024-07-22,2392.0,2062.802965016531,ARIMA
2024-07-23,2404.6,2062.802965016531,ARIMA
2024-07-24,2413.3,2062.802965016531,ARIMA
2024-07-25,2351.9,2062.802965016531,ARIMA
2024-07-26,2380.0,2062.802965016531,ARIMA
2024-07-29,2377.3,2062.802965016531,ARIMA
2024-07-30,2405.0,2062.802965016531,ARIMA
2024-07-31,2426.5,2062.802965016531,ARIMA
2024-08-01,2435.0,2062.802965016531,ARIMA
2024-08-02,2425.7,2062.802965016531,ARIMA
2024-08-05,2401.7,2062.802965016531,ARIMA
2024-08-06,2389.1,2062.802965016531,ARIMA
2024-08-07,2390.5,2062.802965016531,ARIMA
2024-08-08,2422.2,2062.802965016531,ARIMA
2024-08-09,2432.1,2062.802965016531,ARIMA
2024-08-12,2462.4,2062.802965016531,ARIMA
2024-08-13,2466.7,2062.802965016531,ARIMA
2024-08-14,2439.4,2062.802965016531,ARIMA
2024-08-15,2453.1,2062.802965016531,ARIMA
2024-08-16,2498.6,2062.802965016531,ARIMA
2024-08-19,2501.8,2062.802965016531,ARIMA
2024-08-20,2511.3,2062.802965016531,ARIMA
2024-08-21,2508.4,2062.802965016531,ARIMA
2024-08-22,2478.9,2062.802965016531,ARIMA
2024-08-23,2508.4,2062.802965016531,ARIMA
2024-08-26,2517.7,2062.802965016531,ARIMA
2024-08-27,2516.0,2062.802965016531,ARIMA
2024-08-28,2501.0,2062.802965016531,ARIMA
2024-08-29,2525.7,2062.802965016531,ARIMA
2024-08-30,2493.8,2062.802965016531,ARIMA
2024-09-03,2489.9,2062.802965016531,ARIMA
2024-09-04,2493.4,2062.802965016531,ARIMA
2024-09-05,2511.4,2062.802965016531,ARIMA
2024-09-06,2493.5,2062.802965016531,ARIMA
2024-09-09,2501.8,2062.802965016531,ARIMA
2024-09-10,2512.3,2062.802965016531,ARIMA
2024-09-11,2512.1,2062.802965016531,ARIMA
2024-09-12,2551.2,2062.802965016531,ARIMA
2024-09-13,2581.3,2062.802965016531,ARIMA
2024-09-16,2580.4,2062.802965016531,ARIMA
2024-09-17,2564.3,2062.802965016531,ARIMA
2024-09-18,2570.7,2062.802965016531,ARIMA
2024-09-19,2588.0,2062.802965016531,ARIMA
2024-09-20,2619.9,2062.802965016531,ARIMA
2024-09-23,2626.5,2062.802965016531,ARIMA
2024-09-24,2651.2,2062.802965016531,ARIMA
2024-09-25,2659.2,2062.802965016531,ARIMA
2024-09-26,2669.9,2062.802965016531,ARIMA
2024-09-27,2644.3,2062.802965016531,ARIMA
2024-09-30,2636.1,2062.802965016531,ARIMA
2024-10-01,2667.3,2062.802965016531,ARIMA
2024-10-02,2647.1,2062.802965016531,ARIMA
2024-10-03,2657.1,2062.802965016531,ARIMA
2024-10-04,2645.8,2062.802965016531,ARIMA
2024-10-07,2644.8,2062.802965016531,ARIMA
2024-10-08,2615.0,2062.802965016531,ARIMA
2024-10-09,2606.0,2062.802965016531,ARIMA
2024-10-10,2620.6,2062.802965016531,ARIMA
2024-10-11,2657.6,2062.802965016531,ARIMA
2024-10-14,2647.8,2062.802965016531,ARIMA
2024-10-15,2661.4,2062.802965016531,ARIMA
2024-10-16,2674.0,2062.802965016531,ARIMA
2024-10-17,2691.0,2062.802965016531,ARIMA
2024-10-18,2713.7,2062.802965016531,ARIMA
2024-10-21,2723.1,2062.802965016531,ARIMA
2024-10-22,2744.2,2062.802965016531,ARIMA
2024-10-23,2714.4,2062.802965016531,ARIMA
2024-10-24,2734.9,2062.802965016531,ARIMA
2024-10-25,2740.9,2062.802965016531,ARIMA
2024-10-28,2742.9,2062.802965016531,ARIMA
2024-10-29,2768.4,2062.802965016531,ARIMA
2024-10-30,2788.5,2062.802965016531,ARIMA
2024-10-31,2738.3,2062.802965016531,ARIMA
2024-11-01,2738.6,2062.802965016531,ARIMA
2024-11-04,2736.1,2062.802965016531,ARIMA
2024-11-05,2740.3,2062.802965016531,ARIMA
2024-11-06,2667.6,2062.802965016531,ARIMA
2024-11-07,2698.4,2062.802965016531,ARIMA
2024-11-08,2687.5,2062.802965016531,ARIMA
2024-11-11,2611.2,2062.802965016531,ARIMA
2024-11-12,2600.0,2062.802965016531,ARIMA
2024-11-13,2580.8,2062.802965016531,ARIMA
2024-11-14,2568.2,2062.802965016531,ARIMA
2024-11-15,2565.7,2062.802965016531,ARIMA
2024-11-18,2610.6,2062.802965016531,ARIMA
2024-11-19,2627.1,2062.802965016531,ARIMA
2024-11-20,2648.2,2062.802965016531,ARIMA
2024-11-21,2672.1,2062.802965016531,ARIMA
2024-11-22,2709.9,2062.802965016531,ARIMA
2024-11-25,2616.8,2062.802965016531,ARIMA
2024-11-26,2620.3,2062.802965016531,ARIMA
2024-11-27,2639.9,2062.802965016531,ARIMA
2024-11-29,2657.0,2062.802965016531,ARIMA
2024-12-02,2634.9,2062.802965016531,ARIMA
2024-12-03,2644.7,2062.802965016531,ARIMA
2024-12-04,2653.8,2062.802965016531,ARIMA
2024-12-05,2626.6,2062.802965016531,ARIMA
2024-12-06,2638.6,2062.802965016531,ARIMA
2024-12-09,2664.9,2062.802965016531,ARIMA
2024-12-10,2697.6,2062.802965016531,ARIMA
2024-12-11,2733.8,2062.802965016531,ARIMA
2024-12-12,2687.5,2062.802965016531,ARIMA
2024-12-13,2656.0,2062.802965016531,ARIMA
2024-12-16,2651.4,2062.802965016531,ARIMA
2024-12-17,2644.4,2062.802965016531,ARIMA
2024-12-18,2636.5,2062.802965016531,ARIMA
2024-12-19,2592.2,2062.802965016531,ARIMA
2024-12-20,2628.7,2062.802965016531,ARIMA
2024-12-23,2612.3,2062.802965016531,ARIMA
2024-12-24,2620.0,2062.802965016531,ARIMA
2024-12-26,2638.8,2062.802965016531,ARIMA
2024-12-27,2617.2,2062.802965016531,ARIMA
2024-12-30,2606.1,2062.802965016531,ARIMA
2024-01-02 00:00:00,2064.4,2062.7734120847326,SARIMA
2024-01-03 00:00:00,2034.2,2064.1140374682805,SARIMA
2024-01-04 00:00:00,2042.3,2063.8388780559967,SARIMA
2024-01-05 00:00:00,2042.4,2063.4144316335323,SARIMA
2024-01-08 00:00:00,2026.6,2064.1578470391223,SARIMA
2024-01-09 00:00:00,2026.4,2063.926393282903,SARIMA
2024-01-10 00:00:00,2021.7,2064.0600083114905,SARIMA
2024-01-11 00:00:00,2014.3,2063.6610826086926,SARIMA
2024-01-12 00:00:00,2046.7,2063.9160440833266,SARIMA
2024-01-16 00:00:00,2026.0,2064.9313558068616,SARIMA
2024-01-17 00:00:00,2002.6,2066.8867131390825,SARIMA
2024-01-18 00:00:00,2018.6,2067.0974439252627,SARIMA
2024-01-19 00:00:00,2026.5,2067.0656667406397,SARIMA
2024-01-22 00:00:00,2019.8,2068.16144121012,SARIMA
2024-01-23 00:00:00,2023.7,2067.9152033533624,SARIMA
2024-01-24 00:00:00,2013.9,2067.4666219086066,SARIMA
2024-01-25 00:00:00,2016.9,2068.163210836177,SARIMA
2024-01-26 00:00:00,2016.8,2067.9468193181683,SARIMA
2024-01-29 00:00:00,2025.2,2068.062070347048,SARIMA
2024-01-30 00:00:00,2031.5,2067.587506096795,SARIMA
2024-01-31 00:00:00,2048.4,2067.83899355878,SARIMA
2024-02-01 00:00:00,2053.0,2068.7610482751934,SARIMA
2024-02-02 00:00:00,2036.1,2070.7573321887344,SARIMA
2024-02-05 00:00:00,2025.7,2071.016205916414,SARIMA
2024-02-06 00:00:00,2034.5,2070.9827629942797,SARIMA
2024-02-07 00:00:00,2035.2,2072.077530878986,SARIMA
2024-02-08 00:00:00,2032.2,2071.831411919058,SARIMA
2024-02-09 00:00:00,2023.3,2071.3827312549633,SARIMA
2024-02-12 00:00:00,2018.2,2072.0791276783734,SARIMA
2024-02-13 00:00:00,1992.9,2071.86279808139,SARIMA
2024-02-14 00:00:00,1990.3,2071.977973615667,SARIMA
2024-02-15 00:00:00,2002.1,2071.5030984145233,SARIMA
2024-02-16 00:00:00,2011.5,2071.754571594805,SARIMA
2024-02-20 00:00:00,2027.5,2072.6762429306477,SARIMA
2024-02-21 00:00:00,2022.3,2074.6726950938096,SARIMA
2024-02-22 00:00:00,2019.7,2074.9317667376454,SARIMA
2024-02-23 00:00:00,2038.6,2074.898316967646,SARIMA
2024-02-26 00:00:00,2028.5,2075.9930807142723,SARIMA
2024-02-27 00:00:00,2034.0,2075.74696224313,SARIMA
2024-02-28 00:00:00,2033.0,2075.298281171143,SARIMA
2024-02-29 00:00:00,2045.7,2075.9946768031664,SARIMA
2024-03-01 00:00:00,2086.9,2075.778347460741,SARIMA
2024-03-04 00:00:00,2117.7,2075.893522684659,SARIMA
2024-03-05 00:00:00,2133.5,2075.4186462051925,SARIMA
2024-03-06 00:00:00,2150.3,2075.670119326762,SARIMA
2024-03-07 00:00:00,2158.0,2076.591789086523,SARIMA
2024-03-08 00:00:00,2178.6,2078.588241941361,SARIMA
2024-03-11 00:00:00,2182.5,2078.847314398832,SARIMA
2024-03-12 00:00:00,2160.4,2078.813864600681,SARIMA
2024-03-13 00:00:00,2175.4,2079.908628330295,SARIMA
2024-03-14 00:00:00,2163.0,2079.662509861162,SARIMA
2024-03-15 00:00:00,2157.3,2079.213828787498,SARIMA
2024-03-18 00:00:00,2160.7,2079.9102244162686,SARIMA
2024-03-19 00:00:00,2156.3,2079.6938950748895,SARIMA
2024-03-20 00:00:00,2157.9,2079.809070297531,SARIMA
2024-03-21 00:00:00,2182.4,2079.33419381281,SARIMA
2024-03-22 00:00:00,2158.1,2079.5856669341383,SARIMA
2024-03-25 00:00:00,2174.8,2080.5073366874203,SARIMA
2024-03-26 00:00:00,2175.6,2082.503789545102,SARIMA
2024-03-27 00:00:00,2190.6,2082.7628620059177,SARIMA
2024-03-28 00:00:00,2217.4,2082.729412207651,SARIMA
2024-04-01 00:00:00,2236.5,2083.824175937195,SARIMA
2024-04-02 00:00:00,2261.0,2083.5780574680703,SARIMA
2024-04-03 00:00:00,2294.4,2083.1293763944,SARIMA
2024-04-04 00:00:00,2288.8,2083.825772023157,SARIMA
2024-04-05 00:00:00,2325.7,2083.6094426817817,SARIMA
2024-04-08 00:00:00,2331.7,2083.724617904418,SARIMA
2024-04-09 00:00:00,2343.5,2083.249741419675,SARIMA
2024-04-10 00:00:00,2329.6,2083.5012145410024,SARIMA
2024-04-11 00:00:00,2354.8,2084.422884294257,SARIMA
2024-04-12 00:00:00,2356.2,2086.41933715195,SARIMA
2024-04-15 00:00:00,2365.8,2086.678409612779,SARIMA
2024-04-16 00:00:00,2390.8,2086.6449598145123,SARIMA
2024-04-17 00:00:00,2371.7,2087.739723544056,SARIMA
2024-04-18 00:00:00,2382.3,2087.4936050749316,SARIMA
2024-04-19 00:00:00,2398.4,2087.0449240012613,SARIMA
2024-04-22 00:00:00,2332.2,2087.741319630018,SARIMA
2024-04-23 00:00:00,2327.7,2087.5249902886435,SARIMA
2024-04-24 00:00:00,2324.5,2087.6401655112804,SARIMA
2024-04-25 00:00:00,2329.8,2087.1652890265373,SARIMA
2024-04-26 00:00:00,2334.8,2087.4167621478646,SARIMA
2024-04-29 00:00:00,2345.4,2088.3384319011197,SARIMA
2024-04-30 00:00:00,2291.4,2090.3348847588127,SARIMA
2024-05-01 00:00:00,2299.9,2090.5939572196426,SARIMA
2024-05-02 00:00:00,2299.2,2090.5605074213754,SARIMA
2024-05-03 00:00:00,2299.0,2091.6552711509194,SARIMA
2024-05-06 00:00:00,2321.6,2091.4091526817947,SARIMA
2024-05-07 00:00:00,2315.2,2090.9604716081244,SARIMA
2024-05-08 00:00:00,2313.6,2091.6568672368808,SARIMA
2024-05-09 00:00:00,2332.1,2091.440537895506,SARIMA
2024-05-10 00:00:00,2367.3,2091.555713118143,SARIMA
2024-05-13 00:00:00,2336.1,2091.0808366334,SARIMA
2024-05-14 00:00:00,2353.4,2091.3323097547272,SARIMA
2024-05-15 00:00:00,2388.7,2092.2539795079824,SARIMA
2024-05-16 00:00:00,2380.0,2094.2504323656754,SARIMA
2024-05-17 00:00:00,2412.2,2094.5095048265052,SARIMA
2024-05-20 00:00:00,2433.9,2094.476055028238,SARIMA
2024-05-21 00:00:00,2421.7,2095.570818757782,SARIMA
2024-05-22 00:00:00,2389.2,2095.324700288658,SARIMA
2024-05-23 00:00:00,2335.0,2094.876019214987,SARIMA
2024-05-24 00:00:00,2332.5,2095.572414843743,SARIMA
2024-05-28 00:00:00,2355.2,2095.356085502369,SARIMA
2024-05-29 00:00:00,2340.3,2095.471260725006,SARIMA
2024-05-30 00:00:00,2342.9,2094.9963842402626,SARIMA
2024-05-31 00:00:00,2322.9,2095.24785736159,SARIMA
2024-06-03 00:00:00,2346.6,2096.169527114845,SARIMA
2024-06-04 00:00:00,2325.5,2098.165979972538,SARIMA
2024-06-05 00:00:00,2354.1,2098.425052433368,SARIMA
2024-06-06 00:00:00,2370.3,2098.3916026351008,SARIMA
2024-06-07 00:00:00,2305.2,2099.4863663646447,SARIMA
2024-06-10 00:00:00,2307.7,2099.24024789552,SARIMA
2024-06-11 00:00:00,2307.5,2098.7915668218498,SARIMA
2024-06-12 00:00:00,2336.0,2099.487962450606,SARIMA
2024-06-13 00:00:00,2300.2,2099.2716331092315,SARIMA
2024-06-14 00:00:00,2331.4,2099.3868083318685,SARIMA
2024-06-17 00:00:00,2312.4,2098.9119318471253,SARIMA
2024-06-18 00:00:00,2330.4,2099.1634049684526,SARIMA
2024-06-20 00:00:00,2353.8,2100.085074721708,SARIMA
2024-06-21 00:00:00,2316.4,2102.0815275794007,SARIMA
2024-06-24 00:00:00,2330.0,2102.3406000402306,SARIMA
2024-06-25 00:00:00,2316.6,2102.3071502419634,SARIMA
2024-06-26 00:00:00,2299.2,2103.4019139715074,SARIMA
2024-06-27 00:00:00,2324.5,2103.1557955023827,SARIMA
2024-06-28 00:00:00,2327.7,2102.7071144287124,SARIMA
2024-07-01 00:00:00,2327.6,2103.403510057469,SARIMA
2024-07-02 00:00:00,2323.0,2103.187180716094,SARIMA
2024-07-03 00:00:00,2359.8,2103.302355938731,SARIMA
2024-07-05 00:00:00,2388.5,2102.827479453988,SARIMA
2024-07-08 00:00:00,2355.2,2103.0789525753153,SARIMA
2024-07-09 00:00:00,2360.1,2104.0006223285704,SARIMA
2024-07-10 00:00:00,2372.2,2105.9970751862634,SARIMA
2024-07-11 00:00:00,2415.0,2106.2561476470933,SARIMA
2024-07-12 00:00:00,2414.0,2106.222697848826,SARIMA
2024-07-15 00:00:00,2422.9,2107.31746157837,SARIMA
2024-07-16 00:00:00,2462.4,2107.0713431092454,SARIMA
2024-07-17 00:00:00,2454.8,2106.622662035575,SARIMA
2024-07-18 00:00:00,2451.8,2107.3190576643315,SARIMA
2024-07-19 00:00:00,2395.5,2107.102728322957,SARIMA
2024-07-22 00:00:00,2392.0,2107.217903545594,SARIMA
2024-07-23 00:00:00,2404.6,2106.74302706085,SARIMA
2024-07-24 00:00:00,2413.3,2106.994500182178,SARIMA
2024-07-25 00:00:00,2351.9,2107.916169935433,SARIMA
2024-07-26 00:00:00,2380.0,2109.912622793126,SARIMA
2024-07-29 00:00:00,2377.3,2110.171695253956,SARIMA
2024-07-30 00:00:00,2405.0,2110.138245455689,SARIMA
2024-07-31 00:00:00,2426.5,2111.2330091852327,SARIMA
2024-08-01 00:00:00,2435.0,2110.986890716108,SARIMA
2024-08-02 00:00:00,2425.7,2110.538209642438,SARIMA
2024-08-05 00:00:00,2401.7,2111.234605271194,SARIMA
2024-08-06 00:00:00,2389.1,2111.0182759298195,SARIMA
2024-08-07 00:00:00,2390.5,2111.1334511524565,SARIMA
2024-08-08 00:00:00,2422.2,2110.6585746677133,SARIMA
2024-08-09 00:00:00,2432.1,2110.9100477890406,SARIMA
2024-08-12 00:00:00,2462.4,2111.831717542296,SARIMA
2024-08-13 00:00:00,2466.7,2113.8281703999887,SARIMA
2024-08-14 00:00:00,2439.4,2114.0872428608186,SARIMA
2024-08-15 00:00:00,2453.1,2114.053793062551,SARIMA
2024-08-16 00:00:00,2498.6,2115.1485567920954,SARIMA
2024-08-19 00:00:00,2501.8,2114.9024383229707,SARIMA
2024-08-20 00:00:00,2511.3,2114.4537572493005,SARIMA
2024-08-21 00:00:00,2508.4,2115.150152878057,SARIMA
2024-08-22 00:00:00,2478.9,2114.933823536682,SARIMA
2024-08-23 00:00:00,2508.4,2115.048998759319,SARIMA
2024-08-26 00:00:00,2517.7,2114.574122274576,SARIMA
2024-08-27 00:00:00,2516.0,2114.8255953959033,SARIMA
2024-08-28 00:00:00,2501.0,2115.7472651491585,SARIMA
2024-08-29 00:00:00,2525.7,2117.7437180068514,SARIMA
2024-08-30 00:00:00,2493.8,2118.0027904676813,SARIMA
2024-09-03 00:00:00,2489.9,2117.969340669414,SARIMA
2024-09-04 00:00:00,2493.4,2119.064104398958,SARIMA
2024-09-05 00:00:00,2511.4,2118.8179859298334,SARIMA
2024-09-06 00:00:00,2493.5,2118.369304856163,SARIMA
2024-09-09 00:00:00,2501.8,2119.0657004849195,SARIMA
2024-09-10 00:00:00,2512.3,2118.849371143545,SARIMA
2024-09-11 00:00:00,2512.1,2118.964546366182,SARIMA
2024-09-12 00:00:00,2551.2,2118.4896698814387,SARIMA
2024-09-13 00:00:00,2581.3,2118.741143002766,SARIMA
2024-09-16 00:00:00,2580.4,2119.662812756021,SARIMA
2024-09-17 00:00:00,2564.3,2121.659265613714,SARIMA
2024-09-18 00:00:00,2570.7,2121.918338074544,SARIMA
2024-09-19 00:00:00,2588.0,2121.884888276277,SARIMA
2024-09-20 00:00:00,2619.9,2122.9796520058208,SARIMA
2024-09-23 00:00:00,2626.5,2122.733533536696,SARIMA
2024-09-24 00:00:00,2651.2,2122.284852463026,SARIMA
2024-09-25 00:00:00,2659.2,2122.981248091782,SARIMA
2024-09-26 00:00:00,2669.9,2122.7649187504076,SARIMA
2024-09-27 00:00:00,2644.3,2122.8800939730445,SARIMA
2024-09-30 00:00:00,2636.1,2122.4052174883013,SARIMA
2024-10-01 00:00:00,2667.3,2122.6566906096286,SARIMA
2024-10-02 00:00:00,2647.1,2123.578360362884,SARIMA
2024-10-03 00:00:00,2657.1,2125.5748132205767,SARIMA
2024-10-04 00:00:00,2645.8,2125.833885681406,SARIMA
2024-10-07 00:00:00,2644.8,2125.8004358831395,SARIMA
2024-10-08 00:00:00,2615.0,2126.895199612683,SARIMA
2024-10-09 00:00:00,2606.0,2126.6490811435588,SARIMA
2024-10-10 00:00:00,2620.6,2126.2004000698885,SARIMA
2024-10-11 00:00:00,2657.6,2126.896795698645,SARIMA
2024-10-14 00:00:00,2647.8,2126.6804663572702,SARIMA
2024-10-15 00:00:00,2661.4,2126.795641579907,SARIMA
2024-10-16 00:00:00,2674.0,2126.320765095164,SARIMA
2024-10-17 00:00:00,2691.0,2126.5722382164913,SARIMA
2024-10-18 00:00:00,2713.7,2127.4939079697465,SARIMA
2024-10-21 00:00:00,2723.1,2129.4903608274394,SARIMA
2024-10-22 00:00:00,2744.2,2129.7494332882693,SARIMA
2024-10-23 00:00:00,2714.4,2129.715983490002,SARIMA
2024-10-24 00:00:00,2734.9,2130.810747219546,SARIMA
2024-10-25 00:00:00,2740.9,2130.5646287504214,SARIMA
2024-10-28 00:00:00,2742.9,2130.115947676751,SARIMA
2024-10-29 00:00:00,2768.4,2130.8123433055075,SARIMA
2024-10-30 00:00:00,2788.5,2130.596013964133,SARIMA
2024-10-31 00:00:00,2738.3,2130.71118918677,SARIMA
2024-11-01 00:00:00,2738.6,2130.2363127020267,SARIMA
2024-11-04 00:00:00,2736.1,2130.487785823354,SARIMA
2024-11-05 00:00:00,2740.3,2131.409455576609,SARIMA
2024-11-06 00:00:00,2667.6,2133.405908434302,SARIMA
2024-11-07 00:00:00,2698.4,2133.664980895132,SARIMA
2024-11-08 00:00:00,2687.5,2133.631531096865,SARIMA
2024-11-11 00:00:00,2611.2,2134.726294826409,SARIMA
2024-11-12 00:00:00,2600.0,2134.480176357284,SARIMA
2024-11-13 00:00:00,2580.8,2134.031495283614,SARIMA
2024-11-14 00:00:00,2568.2,2134.72789091237,SARIMA
2024-11-15 00:00:00,2565.7,2134.5115615709956,SARIMA
2024-11-18 00:00:00,2610.6,2134.6267367936325,SARIMA
2024-11-19 00:00:00,2627.1,2134.15186030889,SARIMA
2024-11-20 00:00:00,2648.2,2134.4033334302167,SARIMA
2024-11-21 00:00:00,2672.1,2135.325003183472,SARIMA
2024-11-22 00:00:00,2709.9,2137.3214560411648,SARIMA
2024-11-25 00:00:00,2616.8,2137.580528501994,SARIMA
2024-11-26 00:00:00,2620.3,2137.5470787037275,SARIMA
2024-11-27 00:00:00,2639.9,2138.641842433271,SARIMA
2024-11-29 00:00:00,2657.0,2138.395723964147,SARIMA
2024-12-02 00:00:00,2634.9,2137.9470428904765,SARIMA
2024-12-03 00:00:00,2644.7,2138.643438519233,SARIMA
2024-12-04 00:00:00,2653.8,2138.4271091778583,SARIMA
2024-12-05 00:00:00,2626.6,2138.542284400495,SARIMA
2024-12-06 00:00:00,2638.6,2138.067407915752,SARIMA
2024-12-09 00:00:00,2664.9,2138.3188810370793,SARIMA
2024-12-10 00:00:00,2697.6,2139.2405507903345,SARIMA
2024-12-11 00:00:00,2733.8,2141.237003648027,SARIMA
2024-12-12 00:00:00,2687.5,2141.4960761088573,SARIMA
2024-12-13 00:00:00,2656.0,2141.46262631059,SARIMA
2024-12-16 00:00:00,2651.4,2142.557390040134,SARIMA
2024-12-17 00:00:00,2644.4,2142.3112715710095,SARIMA
2024-12-18 00:00:00,2636.5,2141.862590497339,SARIMA
2024-12-19 00:00:00,2592.2,2142.5589861260955,SARIMA
2024-12-20 00:00:00,2628.7,2142.342656784721,SARIMA
2024-12-23 00:00:00,2612.3,2142.457832007358,SARIMA
2024-12-24 00:00:00,2620.0,2141.9829555226147,SARIMA
2024-12-26 00:00:00,2638.8,2142.234428643942,SARIMA
2024-12-27 00:00:00,2617.2,2143.156098397197,SARIMA
2024-12-30 00:00:00,2606.1,2145.15255125489,SARIMA
2024-01-02 00:00:00,2064.4,2048.657915781999,ARIMAX
2024-01-03 00:00:00,2034.2,2048.1428450319436,ARIMAX
2024-01-04 00:00:00,2042.3,2043.5974658625212,ARIMAX
2024-01-05 00:00:00,2042.4,2039.72065268078,ARIMAX
2024-01-08 00:00:00,2026.6,2044.6228285117356,ARIMAX
2024-01-09 00:00:00,2026.4,2039.9214131446745,ARIMAX
2024-01-10 00:00:00,2021.7,2040.9462348165,ARIMAX
2024-01-11 00:00:00,2014.3,2045.72054742778,ARIMAX
2024-01-12 00:00:00,2046.7,2045.816979911913,ARIMAX
2024-01-16 00:00:00,2026.0,2027.2248140275217,ARIMAX
2024-01-17 00:00:00,2002.6,2024.4152456938132,ARIMAX
2024-01-18 00:00:00,2018.6,2021.066381991015,ARIMAX
2024-01-19 00:00:00,2026.5,2023.2046106285409,ARIMAX
2024-01-22 00:00:00,2019.8,2023.98016025534,ARIMAX
2024-01-23 00:00:00,2023.7,2020.7906690469815,ARIMAX
2024-01-24 00:00:00,2013.9,2021.7705200557168,ARIMAX
2024-01-25 00:00:00,2016.9,2020.7300058559265,ARIMAX
2024-01-26 00:00:00,2016.8,2020.0904502905105,ARIMAX
2024-01-29 00:00:00,2025.2,2023.9510512831016,ARIMAX
2024-01-30 00:00:00,2031.5,2027.955383860465,ARIMAX
2024-01-31 00:00:00,2048.4,2033.2005674482064,ARIMAX
2024-02-01 00:00:00,2053.0,2048.5793804682876,ARIMAX
2024-02-02 00:00:00,2036.1,2028.1859794059776,ARIMAX
2024-02-05 00:00:00,2025.7,2012.9346528510976,ARIMAX
2024-02-06 00:00:00,2034.5,2021.281284639265,ARIMAX
2024-02-07 00:00:00,2035.2,2022.8510399363456,ARIMAX
2024-02-08 00:00:00,2032.2,2017.628225845077,ARIMAX
2024-02-09 00:00:00,2023.3,2017.0832918505248,ARIMAX
2024-02-12 00:00:00,2018.2,2016.0741634452588,ARIMAX
2024-02-13 00:00:00,1992.9,1997.9075770529444,ARIMAX
2024-02-14 00:00:00,1990.3,2003.2582094198383,ARIMAX
2024-02-15 00:00:00,2002.1,2009.962192775718,ARIMAX
2024-02-16 00:00:00,2011.5,2005.9727578464408,ARIMAX
2024-02-20 00:00:00,2027.5,2010.4342336350628,ARIMAX
2024-02-21 00:00:00,2022.3,2007.528255745145,ARIMAX
2024-02-22 00:00:00,2019.7,2007.79030324614,ARIMAX
2024-02-23 00:00:00,2038.6,2011.6568143160805,ARIMAX
2024-02-26 00:00:00,2028.5,2012.5724622725884,ARIMAX
2024-02-27 00:00:00,2034.0,2010.5777448079496,ARIMAX
2024-02-28 00:00:00,2033.0,2011.235599430041,ARIMAX
2024-02-29 00:00:00,2045.7,2010.867042251252,ARIMAX
2024-03-01 00:00:00,2086.9,2020.3079920667435,ARIMAX
2024-03-04 00:00:00,2117.7,2018.630272530912,ARIMAX
2024-03-05 00:00:00,2133.5,2024.9508010599168,ARIMAX
2024-03-06 00:00:00,2150.3,2031.1020039726127,ARIMAX
2024-03-07 00:00:00,2158.0,2038.598711425664,ARIMAX
2024-03-08 00:00:00,2178.6,2039.495714452567,ARIMAX
2024-03-11 00:00:00,2182.5,2037.3731787123031,ARIMAX
2024-03-12 00:00:00,2160.4,2032.37461537776,ARIMAX
2024-03-13 00:00:00,2175.4,2032.2860293452904,ARIMAX
2024-03-14 00:00:00,2163.0,2019.245824563144,ARIMAX
2024-03-15 00:00:00,2157.3,2017.1311352715115,ARIMAX
2024-03-18 00:00:00,2160.7,2012.7395008879205,ARIMAX
2024-03-19 00:00:00,2156.3,2013.2153887266177,ARIMAX
2024-03-20 00:00:00,2157.9,2020.015009314422,ARIMAX
2024-03-21 00:00:00,2182.4,2013.399611991012,ARIMAX
2024-03-22 00:00:00,2158.1,2011.5828618404885,ARIMAX
2024-03-25 00:00:00,2174.8,2011.4913857481752,ARIMAX
2024-03-26 00:00:00,2175.6,2012.142693483127,ARIMAX
2024-03-27 00:00:00,2190.6,2013.809676510484,ARIMAX
2024-03-28 00:00:00,2217.4,2011.0776478571097,ARIMAX
2024-04-01 00:00:00,2236.5,1999.6917581085831,ARIMAX
2024-04-02 00:00:00,2261.0,1999.2245119676927,ARIMAX
2024-04-03 00:00:00,2294.4,2006.3306947778865,ARIMAX
2024-04-04 00:00:00,2288.8,2011.112853804335,ARIMAX
2024-04-05 00:00:00,2325.7,2003.7753504214336,ARIMAX
2024-04-08 00:00:00,2331.7,2003.8680876752344,ARIMAX
2024-04-09 00:00:00,2343.5,2007.451948561515,ARIMAX
2024-04-10 00:00:00,2329.6,1982.4849463322207,ARIMAX
2024-04-11 00:00:00,2354.8,1980.6896481540464,ARIMAX
2024-04-12 00:00:00,2356.2,1976.951570549284,ARIMAX
2024-04-15 00:00:00,2365.8,1966.4016634370143,ARIMAX
2024-04-16 00:00:00,2390.8,1962.291776623824,ARIMAX
2024-04-17 00:00:00,2371.7,1971.9765465606345,ARIMAX
2024-04-18 00:00:00,2382.3,1966.0896218969951,ARIMAX
2024-04-19 00:00:00,2398.4,1967.739321528738,ARIMAX
2024-04-22 00:00:00,2332.2,1968.5241991772784,ARIMAX
2024-04-23 00:00:00,2327.7,1973.5619947549767,ARIMAX
2024-04-24 00:00:00,2324.5,1968.996240036623,ARIMAX
2024-04-25 00:00:00,2329.8,1967.6537461243925,ARIMAX
2024-04-26 00:00:00,2334.8,1966.7694253666275,ARIMAX
2024-04-29 00:00:00,2345.4,1973.465562273876,ARIMAX
2024-04-30 00:00:00,2291.4,1962.3001031293743,ARIMAX
2024-05-01 00:00:00,2299.9,1971.4789642694009,ARIMAX
2024-05-02 00:00:00,2299.2,1979.9612607818249,ARIMAX
2024-05-03 00:00:00,2299.0,1988.307892569992,ARIMAX
2024-05-06 00:00:00,2321.6,1988.4286596461616,ARIMAX
2024-05-07 00:00:00,2315.2,1985.7219576681905,ARIMAX
2024-05-08 00:00:00,2313.6,1983.8071845382144,ARIMAX
2024-05-09 00:00:00,2332.1,1989.389914110465,ARIMAX
2024-05-10 00:00:00,2367.3,1985.1683819758312,ARIMAX
2024-05-13 00:00:00,2336.1,1987.187434035539,ARIMAX
2024-05-14 00:00:00,2353.4,1991.8566724344485,ARIMAX
2024-05-15 00:00:00,2388.7,2005.2410998003147,ARIMAX
2024-05-16 00:00:00,2380.0,2002.7256007785425,ARIMAX
2024-05-17 00:00:00,2412.2,1999.4712569038256,ARIMAX
2024-05-20 00:00:00,2433.9,1997.4550949039617,ARIMAX
2024-05-21 00:00:00,2421.7,1998.4406839633343,ARIMAX
2024-05-22 00:00:00,2389.2,1993.971361726081,ARIMAX
2024-05-23 00:00:00,2335.0,1989.4056070077277,ARIMAX
2024-05-24 00:00:00,2332.5,1993.210650102285,ARIMAX
2024-05-28 00:00:00,2355.2,1990.3575351750485,ARIMAX
2024-05-29 00:00:00,2340.3,1980.2090508844435,ARIMAX
2024-05-30 00:00:00,2342.9,1988.4592501915104,ARIMAX
2024-05-31 00:00:00,2322.9,1991.6795003695097,ARIMAX
2024-06-03 00:00:00,2346.6,2004.271203638204,ARIMAX
2024-06-04 00:00:00,2325.5,2009.9268263456624,ARIMAX
2024-06-05 00:00:00,2354.1,2010.792443578041,ARIMAX
2024-06-06 00:00:00,2370.3,2013.3634808317563,ARIMAX
2024-06-07 00:00:00,2305.2,1993.578025522611,ARIMAX
2024-06-10 00:00:00,2307.7,1988.701295601008,ARIMAX
2024-06-11 00:00:00,2307.5,1993.0594610510916,ARIMAX
2024-06-12 00:00:00,2336.0,2005.2018675571592,ARIMAX
2024-06-13 00:00:00,2300.2,2003.689312498024,ARIMAX
2024-06-14 00:00:00,2331.4,2002.424547541508,ARIMAX
2024-06-17 00:00:00,2312.4,1999.684184671485,ARIMAX
2024-06-18 00:00:00,2330.4,2004.346371870939,ARIMAX
2024-06-20 00:00:00,2353.8,1998.651516920325,ARIMAX
2024-06-21 00:00:00,2316.4,1996.2968839747048,ARIMAX
2024-06-24 00:00:00,2330.0,1999.0430583653952,ARIMAX
2024-06-25 00:00:00,2316.6,1999.4371898180416,ARIMAX
2024-06-26 00:00:00,2299.2,1988.1802545812263,ARIMAX
2024-06-27 00:00:00,2324.5,1992.4038815265285,ARIMAX
2024-06-28 00:00:00,2327.7,1988.1980422891563,ARIMAX
2024-07-01 00:00:00,2327.6,1978.8596109058856,ARIMAX
2024-07-02 00:00:00,2323.0,1985.7690583844185,ARIMAX
2024-07-03 00:00:00,2359.8,1994.011411242854,ARIMAX
2024-07-05 00:00:00,2388.5,2005.1611774900937,ARIMAX
2024-07-08 00:00:00,2355.2,2003.703547571376,ARIMAX
2024-07-09 00:00:00,2360.1,2001.0282313879293,ARIMAX
2024-07-10 00:00:00,2372.2,2003.2550460579248,ARIMAX
2024-07-11 00:00:00,2415.0,2015.0940527217797,ARIMAX
2024-07-12 00:00:00,2414.0,2020.668140596223,ARIMAX
2024-07-15 00:00:00,2422.9,2016.2223577048635,ARIMAX
2024-07-16 00:00:00,2462.4,2019.3147896072376,ARIMAX
2024-07-17 00:00:00,2454.8,2025.8102151036535,ARIMAX
2024-07-18 00:00:00,2451.8,2018.441325926228,ARIMAX
2024-07-19 00:00:00,2395.5,2012.5379131161503,ARIMAX
2024-07-22 00:00:00,2392.0,2012.8821356998703,ARIMAX
2024-07-23 00:00:00,2404.6,2011.6573982356856,ARIMAX
2024-07-24 00:00:00,2413.3,2010.6553210298748,ARIMAX
2024-07-25 00:00:00,2351.9,2011.6566029865096,ARIMAX
2024-07-26 00:00:00,2380.0,2016.759445250785,ARIMAX
2024-07-29 00:00:00,2377.3,2015.106340104096,ARIMAX
2024-07-30 00:00:00,2405.0,2017.5050906561696,ARIMAX
2024-07-31 00:00:00,2426.5,2026.5401676117765,ARIMAX
2024-08-01 00:00:00,2435.0,2030.63364256159,ARIMAX
2024-08-02 00:00:00,2425.7,2056.8340239528766,ARIMAX
2024-08-05 00:00:00,2401.7,2063.994355270839,ARIMAX
2024-08-06 00:00:00,2389.1,2052.8759748181237,ARIMAX
2024-08-07 00:00:00,2390.5,2046.3076561865005,ARIMAX
2024-08-08 00:00:00,2422.2,2044.2008133434988,ARIMAX
2024-08-09 00:00:00,2432.1,2048.31022009977,ARIMAX
2024-08-12 00:00:00,2462.4,2050.969843385955,ARIMAX
2024-08-13 00:00:00,2466.7,2060.797644438733,ARIMAX
2024-08-14 00:00:00,2439.4,2062.0153307034625,ARIMAX
2024-08-15 00:00:00,2453.1,2051.4340377966687,ARIMAX
2024-08-16 00:00:00,2498.6,2059.259274936177,ARIMAX
2024-08-19 00:00:00,2501.8,2066.412386484358,ARIMAX
2024-08-20 00:00:00,2511.3,2075.3504042800146,ARIMAX
2024-08-21 00:00:00,2508.4,2081.8301368791685,ARIMAX
2024-08-22 00:00:00,2478.9,2071.9059033452895,ARIMAX
2024-08-23 00:00:00,2508.4,2082.564549741618,ARIMAX
2024-08-26 00:00:00,2517.7,2081.965801603425,ARIMAX
2024-08-27 00:00:00,2516.0,2084.6646571327647,ARIMAX
2024-08-28 00:00:00,2501.0,2077.944980879623,ARIMAX
2024-08-29 00:00:00,2525.7,2073.147128955912,ARIMAX
2024-08-30 00:00:00,2493.8,2065.5842049668645,ARIMAX
2024-09-03 00:00:00,2489.9,2069.64770288077,ARIMAX
2024-09-04 00:00:00,2493.4,2079.252048425998,ARIMAX
2024-09-05 00:00:00,2511.4,2084.6507280758724,ARIMAX
2024-09-06 00:00:00,2493.5,2084.9147223329114,ARIMAX
2024-09-09 00:00:00,2501.8,2082.0958949765773,ARIMAX
2024-09-10 00:00:00,2512.3,2084.523421057406,ARIMAX
2024-09-11 00:00:00,2512.1,2084.6388486671885,ARIMAX
2024-09-12 00:00:00,2551.2,2085.4439634302016,ARIMAX
2024-09-13 00:00:00,2581.3,2089.689034910729,ARIMAX
2024-09-16 00:00:00,2580.4,2095.6081406180683,ARIMAX
2024-09-17 00:00:00,2564.3,2092.8206990562585,ARIMAX
2024-09-18 00:00:00,2570.7,2092.747805921051,ARIMAX
2024-09-19 00:00:00,2588.0,2090.6409630780495,ARIMAX
2024-09-20 00:00:00,2619.9,2089.407583916058,ARIMAX
2024-09-23 00:00:00,2626.5,2085.7054999031634,ARIMAX
2024-09-24 00:00:00,2651.2,2092.6670663372124,ARIMAX
2024-09-25 00:00:00,2659.2,2083.175641419523,ARIMAX
2024-09-26 00:00:00,2669.9,2087.212155040587,ARIMAX
2024-09-27 00:00:00,2644.3,2091.4415336238517,ARIMAX
2024-09-30 00:00:00,2636.1,2082.2448938916286,ARIMAX
2024-10-01 00:00:00,2667.3,2085.0078867074535,ARIMAX
2024-10-02 00:00:00,2647.1,2076.9986231347084,ARIMAX
2024-10-03 00:00:00,2657.1,2069.533301476182,ARIMAX
2024-10-04 00:00:00,2645.8,2054.9468807428484,ARIMAX
2024-10-07 00:00:00,2644.8,2051.078212889741,ARIMAX
2024-10-08 00:00:00,2615.0,2050.621069678483,ARIMAX
2024-10-09 00:00:00,2606.0,2045.0304936576008,ARIMAX
2024-10-10 00:00:00,2620.6,2042.3630239227848,ARIMAX
2024-10-11 00:00:00,2657.6,2044.14918352796,ARIMAX
2024-10-14 00:00:00,2647.8,2039.5520430150816,ARIMAX
2024-10-15 00:00:00,2661.4,2043.325073636264,ARIMAX
2024-10-16 00:00:00,2674.0,2040.2898419718351,ARIMAX
2024-10-17 00:00:00,2691.0,2032.9444921403024,ARIMAX
2024-10-18 00:00:00,2713.7,2037.421660826187,ARIMAX
2024-10-21 00:00:00,2723.1,2024.2771771143089,ARIMAX
2024-10-22 00:00:00,2744.2,2022.8273936442224,ARIMAX
2024-10-23 00:00:00,2714.4,2016.2433821153363,ARIMAX
2024-10-24 00:00:00,2734.9,2022.386738579402,ARIMAX
2024-10-25 00:00:00,2740.9,2017.4846077259592,ARIMAX
2024-10-28 00:00:00,2742.9,2014.8171379911437,ARIMAX
2024-10-29 00:00:00,2768.4,2015.2656395045951,ARIMAX
2024-10-30 00:00:00,2788.5,2017.8523696555728,ARIMAX
2024-10-31 00:00:00,2738.3,2018.6294008554817,ARIMAX
2024-11-01 00:00:00,2738.6,2011.017444976129,ARIMAX
2024-11-04 00:00:00,2736.1,2019.3797696615584,ARIMAX
2024-11-05 00:00:00,2740.3,2027.974191552345,ARIMAX
2024-11-06 00:00:00,2667.6,1998.6107602210045,ARIMAX
2024-11-07 00:00:00,2698.4,2012.1081082144092,ARIMAX
2024-11-08 00:00:00,2687.5,2007.5987584848249,ARIMAX
2024-11-11 00:00:00,2611.2,2001.543988053229,ARIMAX
2024-11-12 00:00:00,2600.0,1987.51819421171,ARIMAX
2024-11-13 00:00:00,2580.8,1981.6955209854711,ARIMAX
2024-11-14 00:00:00,2568.2,1980.2300446181223,ARIMAX
2024-11-15 00:00:00,2565.7,1980.0057938613968,ARIMAX
2024-11-18 00:00:00,2610.6,1984.391000102076,ARIMAX
2024-11-19 00:00:00,2627.1,1988.0474353090003,ARIMAX
2024-11-20 00:00:00,2648.2,1981.4477308828525,ARIMAX
2024-11-21 00:00:00,2672.1,1976.866283267236,ARIMAX
2024-11-22 00:00:00,2709.9,1971.2693670109124,ARIMAX
2024-11-25 00:00:00,2616.8,1989.1866570874183,ARIMAX
2024-11-26 00:00:00,2620.3,1985.0615574338856,ARIMAX
2024-11-27 00:00:00,2639.9,1998.8137467293643,ARIMAX
2024-11-29 00:00:00,2657.0,2006.9604623558753,ARIMAX
2024-12-02 00:00:00,2634.9,1998.6545426592147,ARIMAX
2024-12-03 00:00:00,2644.7,1996.5720344112824,ARIMAX
2024-12-04 00:00:00,2653.8,1999.8879218212064,ARIMAX
2024-12-05 00:00:00,2626.6,2008.2816323011607,ARIMAX
2024-12-06 00:00:00,2638.6,2006.6961841068185,ARIMAX
2024-12-09 00:00:00,2664.9,2001.161045478893,ARIMAX
2024-12-10 00:00:00,2697.6,1997.2204520863909,ARIMAX
2024-12-11 00:00:00,2733.8,1991.0849420709565,ARIMAX
2024-12-12 00:00:00,2687.5,1984.2923726826075,ARIMAX
2024-12-13 00:00:00,2656.0,1978.524624596786,ARIMAX
2024-12-16 00:00:00,2651.4,1980.7592857154127,ARIMAX
2024-12-17 00:00:00,2644.4,1978.973126110238,ARIMAX
2024-12-18 00:00:00,2636.5,1960.3266524099477,ARIMAX
2024-12-19 00:00:00,2592.2,1951.4115472813344,ARIMAX
2024-12-20 00:00:00,2628.7,1963.5939812797333,ARIMAX
2024-12-23 00:00:00,2612.3,1954.2303746376688,ARIMAX
2024-12-24 00:00:00,2620.0,1951.7636163136856,ARIMAX
2024-12-26 00:00:00,2638.8,1953.886152053949,ARIMAX
2024-12-27 00:00:00,2617.2,1952.6841586864816,ARIMAX
2024-12-30 00:00:00,2606.1,1955.0868532970485,ARIMAX
2024-01-02 00:00:00,2064.4,2047.340277471258,SARIMAX
2024-01-03 00:00:00,2034.2,2048.6584553742314,SARIMAX
2024-01-04 00:00:00,2042.3,2043.6002752240972,SARIMAX
2024-01-05 00:00:00,2042.4,2039.0920901236989,SARIMAX
2024-01-08 00:00:00,2026.6,2044.594139441004,SARIMAX
2024-01-09 00:00:00,2026.4,2040.4504343103456,SARIMAX
2024-01-10 00:00:00,2021.7,2041.8614663542005,SARIMAX
2024-01-11 00:00:00,2014.3,2046.8625230159976,SARIMAX
2024-01-12 00:00:00,2046.7,2047.6418128687544,SARIMAX
2024-01-16 00:00:00,2026.0,2030.2244148763036,SARIMAX
2024-01-17 00:00:00,2002.6,2028.6367207070944,SARIMAX
2024-01-18 00:00:00,2018.6,2025.550291862833,SARIMAX
2024-01-19 00:00:00,2026.5,2026.4751000524416,SARIMAX
2024-01-22 00:00:00,2019.8,2029.4810570040231,SARIMAX
2024-01-23 00:00:00,2023.7,2025.934521931707,SARIMAX
2024-01-24 00:00:00,2013.9,2025.7395530449216,SARIMAX
2024-01-25 00:00:00,2016.9,2025.2721542422237,SARIMAX
2024-01-26 00:00:00,2016.8,2025.3397895513672,SARIMAX
2024-01-29 00:00:00,2025.2,2029.976917695428,SARIMAX
2024-01-30 00:00:00,2031.5,2033.7359481590656,SARIMAX
2024-01-31 00:00:00,2048.4,2039.9643462083577,SARIMAX
2024-02-01 00:00:00,2053.0,2055.3636615125115,SARIMAX
2024-02-02 00:00:00,2036.1,2036.277788203765,SARIMAX
2024-02-05 00:00:00,2025.7,2021.4258512117592,SARIMAX
2024-02-06 00:00:00,2034.5,2028.7501598363633,SARIMAX
2024-02-07 00:00:00,2035.2,2031.6237759412888,SARIMAX
2024-02-08 00:00:00,2032.2,2026.2615925827615,SARIMAX
2024-02-09 00:00:00,2023.3,2025.142222493708,SARIMAX
2024-02-12 00:00:00,2018.2,2024.6198617300183,SARIMAX
2024-02-13 00:00:00,1992.9,2006.7569271322616,SARIMAX
2024-02-14 00:00:00,1990.3,2012.623572935692,SARIMAX
2024-02-15 00:00:00,2002.1,2019.4233176800003,SARIMAX
2024-02-16 00:00:00,2011.5,2015.955345497655,SARIMAX
2024-02-20 00:00:00,2027.5,2021.17932377617,SARIMAX
2024-02-21 00:00:00,2022.3,2020.5260761243085,SARIMAX
2024-02-22 00:00:00,2019.7,2020.758525316823,SARIMAX
2024-02-23 00:00:00,2038.6,2023.726583921313,SARIMAX
2024-02-26 00:00:00,2028.5,2025.7577473939696,SARIMAX
2024-02-27 00:00:00,2034.0,2023.688203758329,SARIMAX
2024-02-28 00:00:00,2033.0,2024.220806987762,SARIMAX
2024-02-29 00:00:00,2045.7,2024.062236104451,SARIMAX
2024-03-01 00:00:00,2086.9,2034.2588901747424,SARIMAX
2024-03-04 00:00:00,2117.7,2032.541098630856,SARIMAX
2024-03-05 00:00:00,2133.5,2039.0867662804249,SARIMAX
2024-03-06 00:00:00,2150.3,2045.9314812573064,SARIMAX
2024-03-07 00:00:00,2158.0,2054.1690003089107,SARIMAX
2024-03-08 00:00:00,2178.6,2056.717639220925,SARIMAX
2024-03-11 00:00:00,2182.5,2055.2743414466167,SARIMAX
2024-03-12 00:00:00,2160.4,2048.9521701780795,SARIMAX
2024-03-13 00:00:00,2175.4,2050.102832000407,SARIMAX
2024-03-14 00:00:00,2163.0,2036.837350999117,SARIMAX
2024-03-15 00:00:00,2157.3,2034.1482923394535,SARIMAX
2024-03-18 00:00:00,2160.7,2030.3990760850904,SARIMAX
2024-03-19 00:00:00,2156.3,2031.6655922989976,SARIMAX
2024-03-20 00:00:00,2157.9,2038.639729642568,SARIMAX
2024-03-21 00:00:00,2182.4,2032.0559815104616,SARIMAX
2024-03-22 00:00:00,2158.1,2031.3176398419992,SARIMAX
2024-03-25 00:00:00,2174.8,2031.7739089195336,SARIMAX
2024-03-26 00:00:00,2175.6,2033.8641383460856,SARIMAX
2024-03-27 00:00:00,2190.6,2036.6378734114091,SARIMAX
2024-03-28 00:00:00,2217.4,2032.988581847124,SARIMAX
2024-04-01 00:00:00,2236.5,2021.7113122002193,SARIMAX
2024-04-02 00:00:00,2261.0,2021.389361836764,SARIMAX
2024-04-03 00:00:00,2294.4,2027.7437141656744,SARIMAX
2024-04-04 00:00:00,2288.8,2033.120194537132,SARIMAX
2024-04-05 00:00:00,2325.7,2026.215242256977,SARIMAX
2024-04-08 00:00:00,2331.7,2027.147900548959,SARIMAX
2024-04-09 00:00:00,2343.5,2030.4177312007264,SARIMAX
2024-04-10 00:00:00,2329.6,2005.692804526948,SARIMAX
2024-04-11 00:00:00,2354.8,2004.7742968497816,SARIMAX
2024-04-12 00:00:00,2356.2,2002.6171533426989,SARIMAX
2024-04-15 00:00:00,2365.8,1992.4881201882845,SARIMAX
2024-04-16 00:00:00,2390.8,1987.2738477559903,SARIMAX
2024-04-17 00:00:00,2371.7,1998.2584720039745,SARIMAX
2024-04-18 00:00:00,2382.3,1992.5736412512956,SARIMAX
2024-04-19 00:00:00,2398.4,1993.415177674338,SARIMAX
2024-04-22 00:00:00,2332.2,1994.6867457884,SARIMAX
2024-04-23 00:00:00,2327.7,2000.3506063842703,SARIMAX
2024-04-24 00:00:00,2324.5,1996.1288063619056,SARIMAX
2024-04-25 00:00:00,2329.8,1994.875077377946,SARIMAX
2024-04-26 00:00:00,2334.8,1994.5409868300153,SARIMAX
2024-04-29 00:00:00,2345.4,2002.0210903624084,SARIMAX
2024-04-30 00:00:00,2291.4,1992.3784209589016,SARIMAX
2024-05-01 00:00:00,2299.9,2002.3810902188509,SARIMAX
2024-05-02 00:00:00,2299.2,2009.7763661755491,SARIMAX
2024-05-03 00:00:00,2299.0,2019.599049106948,SARIMAX
2024-05-06 00:00:00,2321.6,2020.0510153310504,SARIMAX
2024-05-07 00:00:00,2315.2,2016.8562108610697,SARIMAX
2024-05-08 00:00:00,2313.6,2015.086809032489,SARIMAX
2024-05-09 00:00:00,2332.1,2021.3387010759177,SARIMAX
2024-05-10 00:00:00,2367.3,2017.4395485217633,SARIMAX
2024-05-13 00:00:00,2336.1,2019.852875364332,SARIMAX
2024-05-14 00:00:00,2353.4,2024.9173753289351,SARIMAX
2024-05-15 00:00:00,2388.7,2039.1932850474068,SARIMAX
2024-05-16 00:00:00,2380.0,2038.6990535491489,SARIMAX
2024-05-17 00:00:00,2412.2,2035.880993626991,SARIMAX
2024-05-20 00:00:00,2433.9,2032.3930525211572,SARIMAX
2024-05-21 00:00:00,2421.7,2034.7472057843072,SARIMAX
2024-05-22 00:00:00,2389.2,2030.224723653869,SARIMAX
2024-05-23 00:00:00,2335.0,2025.0415836804912,SARIMAX
2024-05-24 00:00:00,2332.5,2029.4443275733863,SARIMAX
2024-05-28 00:00:00,2355.2,2026.933992671511,SARIMAX
2024-05-29 00:00:00,2340.3,2017.065020812434,SARIMAX
2024-05-30 00:00:00,2342.9,2025.4755955056744,SARIMAX
2024-05-31 00:00:00,2322.9,2029.4326039395344,SARIMAX
2024-06-03 00:00:00,2346.6,2042.9373838683475,SARIMAX
2024-06-04 00:00:00,2325.5,2050.4169219197092,SARIMAX
2024-06-05 00:00:00,2354.1,2052.0694511814218,SARIMAX
2024-06-06 00:00:00,2370.3,2053.4674792874484,SARIMAX
2024-06-07 00:00:00,2305.2,2034.8233015172964,SARIMAX
2024-06-10 00:00:00,2307.7,2030.026436665796,SARIMAX
2024-06-11 00:00:00,2307.5,2034.0093941650784,SARIMAX
2024-06-12 00:00:00,2336.0,2046.490613917951,SARIMAX
2024-06-13 00:00:00,2300.2,2045.7337664900847,SARIMAX
2024-06-14 00:00:00,2331.4,2044.9852980615676,SARIMAX
2024-06-17 00:00:00,2312.4,2042.1039354787515,SARIMAX
2024-06-18 00:00:00,2330.4,2047.5459400030632,SARIMAX
2024-06-20 00:00:00,2353.8,2042.484659205179,SARIMAX
2024-06-21 00:00:00,2316.4,2041.7818012874984,SARIMAX
2024-06-24 00:00:00,2330.0,2045.3884771495889,SARIMAX
2024-06-25 00:00:00,2316.6,2044.7912158366144,SARIMAX
2024-06-26 00:00:00,2299.2,2034.559054842798,SARIMAX
2024-06-27 00:00:00,2324.5,2038.602666746544,SARIMAX
2024-06-28 00:00:00,2327.7,2033.7147456956288,SARIMAX
2024-07-01 00:00:00,2327.6,2025.7110290313772,SARIMAX
2024-07-02 00:00:00,2323.0,2032.1256370554624,SARIMAX
2024-07-03 00:00:00,2359.8,2040.9485607763183,SARIMAX
2024-07-05 00:00:00,2388.5,2052.301699104714,SARIMAX
2024-07-08 00:00:00,2355.2,2051.4947860718817,SARIMAX
2024-07-09 00:00:00,2360.1,2049.47447521664,SARIMAX
2024-07-10 00:00:00,2372.2,2053.3959896395404,SARIMAX
2024-07-11 00:00:00,2415.0,2066.4275546092895,SARIMAX
2024-07-12 00:00:00,2414.0,2070.530190916873,SARIMAX
2024-07-15 00:00:00,2422.9,2067.280721559302,SARIMAX
2024-07-16 00:00:00,2462.4,2070.492153076458,SARIMAX
2024-07-17 00:00:00,2454.8,2076.4775219232683,SARIMAX
2024-07-18 00:00:00,2451.8,2069.5094305794237,SARIMAX
2024-07-19 00:00:00,2395.5,2064.1031886625947,SARIMAX
2024-07-22 00:00:00,2392.0,2064.8558369947705,SARIMAX
2024-07-23 00:00:00,2404.6,2064.003952733974,SARIMAX
2024-07-24 00:00:00,2413.3,2063.2680174628804,SARIMAX
2024-07-25 00:00:00,2351.9,2064.9888285782,SARIMAX
2024-07-26 00:00:00,2380.0,2071.8940494548788,SARIMAX
2024-07-29 00:00:00,2377.3,2071.566170910067,SARIMAX
2024-07-30 00:00:00,2405.0,2072.2537128939357,SARIMAX
2024-07-31 00:00:00,2426.5,2082.721690761756,SARIMAX
2024-08-01 00:00:00,2435.0,2086.828971195738,SARIMAX
2024-08-02 00:00:00,2425.7,2112.90653967832,SARIMAX
2024-08-05 00:00:00,2401.7,2120.5964094187516,SARIMAX
2024-08-06 00:00:00,2389.1,2109.8245003147986,SARIMAX
2024-08-07 00:00:00,2390.5,2103.5571013001727,SARIMAX
2024-08-08 00:00:00,2422.2,2101.417033563899,SARIMAX
2024-08-09 00:00:00,2432.1,2106.2847209135275,SARIMAX
2024-08-12 00:00:00,2462.4,2109.728483552897,SARIMAX
2024-08-13 00:00:00,2466.7,2121.315340259021,SARIMAX
2024-08-14 00:00:00,2439.4,2123.27680271607,SARIMAX
2024-08-15 00:00:00,2453.1,2111.3074596106644,SARIMAX
2024-08-16 00:00:00,2498.6,2120.5009682758828,SARIMAX
2024-08-19 00:00:00,2501.8,2127.7978037036314,SARIMAX
2024-08-20 00:00:00,2511.3,2136.200762300832,SARIMAX
2024-08-21 00:00:00,2508.4,2143.2316228319673,SARIMAX
2024-08-22 00:00:00,2478.9,2133.761611476366,SARIMAX
2024-08-23 00:00:00,2508.4,2146.1754866244046,SARIMAX
2024-08-26 00:00:00,2517.7,2144.368687773611,SARIMAX
2024-08-27 00:00:00,2516.0,2147.69652194129,SARIMAX
2024-08-28 00:00:00,2501.0,2141.6535844658983,SARIMAX
2024-08-29 00:00:00,2525.7,2138.4429309616357,SARIMAX
2024-08-30 00:00:00,2493.8,2131.676700583036,SARIMAX
2024-09-03 00:00:00,2489.9,2134.5145838011967,SARIMAX
2024-09-04 00:00:00,2493.4,2145.8932405847863,SARIMAX
2024-09-05 00:00:00,2511.4,2151.351534932656,SARIMAX
2024-09-06 00:00:00,2493.5,2150.8020303492567,SARIMAX
2024-09-09 00:00:00,2501.8,2148.513168437491,SARIMAX
2024-09-10 00:00:00,2512.3,2151.6531127765384,SARIMAX
2024-09-11 00:00:00,2512.1,2152.7696644311527,SARIMAX
2024-09-12 00:00:00,2551.2,2152.970301573997,SARIMAX
2024-09-13 00:00:00,2581.3,2157.908966685364,SARIMAX
2024-09-16 00:00:00,2580.4,2164.5905118823503,SARIMAX
2024-09-17 00:00:00,2564.3,2163.411743097474,SARIMAX
2024-09-18 00:00:00,2570.7,2163.931758680061,SARIMAX
2024-09-19 00:00:00,2588.0,2160.5658653193964,SARIMAX
2024-09-20 00:00:00,2619.9,2160.636464156688,SARIMAX
2024-09-23 00:00:00,2626.5,2157.2490255099365,SARIMAX
2024-09-24 00:00:00,2651.2,2163.332677257039,SARIMAX
2024-09-25 00:00:00,2659.2,2154.220580613446,SARIMAX
2024-09-26 00:00:00,2669.9,2158.861641713186,SARIMAX
2024-09-27 00:00:00,2644.3,2163.6070817223963,SARIMAX
2024-09-30 00:00:00,2636.1,2155.2192248171305,SARIMAX
2024-10-01 00:00:00,2667.3,2158.039617086619,SARIMAX
2024-10-02 00:00:00,2647.1,2150.0239519347388,SARIMAX
2024-10-03 00:00:00,2657.1,2144.0812616831704,SARIMAX
2024-10-04 00:00:00,2645.8,2129.915887635733,SARIMAX
2024-10-07 00:00:00,2644.8,2125.064998184616,SARIMAX
2024-10-08 00:00:00,2615.0,2125.5703650704804,SARIMAX
2024-10-09 00:00:00,2606.0,2119.926677136424,SARIMAX
2024-10-10 00:00:00,2620.6,2116.663301302071,SARIMAX
2024-10-11 00:00:00,2657.6,2118.9576689122637,SARIMAX
2024-10-14 00:00:00,2647.8,2114.9654453241474,SARIMAX
2024-10-15 00:00:00,2661.4,2119.276117284784,SARIMAX
2024-10-16 00:00:00,2674.0,2116.293941997114,SARIMAX
2024-10-17 00:00:00,2691.0,2109.4486382949876,SARIMAX
2024-10-18 00:00:00,2713.7,2114.6451874015224,SARIMAX
2024-10-21 00:00:00,2723.1,2102.9157761871315,SARIMAX
2024-10-22 00:00:00,2744.2,2102.1452018968753,SARIMAX
2024-10-23 00:00:00,2714.4,2094.280771048865,SARIMAX
2024-10-24 00:00:00,2734.9,2101.792471008657,SARIMAX
2024-10-25 00:00:00,2740.9,2096.7940780110225,SARIMAX
2024-10-28 00:00:00,2742.9,2093.53070217667,SARIMAX
2024-10-29 00:00:00,2768.4,2094.465908549646,SARIMAX
2024-10-30 00:00:00,2788.5,2097.6356878318093,SARIMAX
2024-10-31 00:00:00,2738.3,2098.8642470311806,SARIMAX
2024-11-01 00:00:00,2738.6,2090.7681256642963,SARIMAX
2024-11-04 00:00:00,2736.1,2099.910109340546,SARIMAX
2024-11-05 00:00:00,2740.3,2109.3099770119643,SARIMAX
2024-11-06 00:00:00,2667.6,2081.2545102807444,SARIMAX
2024-11-07 00:00:00,2698.4,2096.009026774543,SARIMAX
2024-11-08 00:00:00,2687.5,2090.007096576693,SARIMAX
2024-11-11 00:00:00,2611.2,2085.256510458428,SARIMAX
2024-11-12 00:00:00,2600.0,2070.9408014152605,SARIMAX
2024-11-13 00:00:00,2580.8,2064.565477876526,SARIMAX
2024-11-14 00:00:00,2568.2,2063.608348656227,SARIMAX
2024-11-15 00:00:00,2565.7,2063.98882770222,SARIMAX
2024-11-18 00:00:00,2610.6,2069.4053502159495,SARIMAX
2024-11-19 00:00:00,2627.1,2072.577733552953,SARIMAX
2024-11-20 00:00:00,2648.2,2066.58584527773,SARIMAX
2024-11-21 00:00:00,2672.1,2062.6594845563386,SARIMAX
2024-11-22 00:00:00,2709.9,2059.282203883639,SARIMAX
2024-11-25 00:00:00,2616.8,2077.676679139722,SARIMAX
2024-11-26 00:00:00,2620.3,2072.2926153325457,SARIMAX
2024-11-27 00:00:00,2639.9,2087.4559433026866,SARIMAX
2024-11-29 00:00:00,2657.0,2096.0628769500827,SARIMAX
2024-12-02 00:00:00,2634.9,2086.8845389023045,SARIMAX
2024-12-03 00:00:00,2644.7,2085.522476576549,SARIMAX
2024-12-04 00:00:00,2653.8,2089.2093095445302,SARIMAX
2024-12-05 00:00:00,2626.6,2098.075782481377,SARIMAX
2024-12-06 00:00:00,2638.6,2096.564889011284,SARIMAX
2024-12-09 00:00:00,2664.9,2091.92488839645,SARIMAX
2024-12-10 00:00:00,2697.6,2088.287305901473,SARIMAX
2024-12-11 00:00:00,2733.8,2083.717491159995,SARIMAX
2024-12-12 00:00:00,2687.5,2077.4965576480013,SARIMAX
2024-12-13 00:00:00,2656.0,2070.362113771026,SARIMAX
2024-12-16 00:00:00,2651.4,2073.922164872407,SARIMAX
2024-12-17 00:00:00,2644.4,2072.1042909435255,SARIMAX
2024-12-18 00:00:00,2636.5,2052.7116722073188,SARIMAX
2024-12-19 00:00:00,2592.2,2044.1327499197864,SARIMAX
2024-12-20 00:00:00,2628.7,2057.0271847503077,SARIMAX
2024-12-23 00:00:00,2612.3,2047.943056953763,SARIMAX
2024-12-24 00:00:00,2620.0,2045.5077702950273,SARIMAX
2024-12-26 00:00:00,2638.8,2048.302430106646,SARIMAX
2024-12-27 00:00:00,2617.2,2047.712258250359,SARIMAX
2024-12-30 00:00:00,2606.1,2052.1177094606614,SARIMAX
2024-01-02 00:00:00,2064.4,1950.0745533807328,Prophet
2024-01-03 00:00:00,2034.2,1951.519547228944,Prophet
2024-01-04 00:00:00,2042.3,1953.5139901881444,Prophet
2024-01-05 00:00:00,2042.4,1954.661431236823,Prophet
2024-01-08 00:00:00,2026.6,1958.2056774273835,Prophet
2024-01-09 00:00:00,2026.4,1959.5307251277577,Prophet
2024-01-10 00:00:00,2021.7,1960.7628138713353,Prophet
2024-01-11 00:00:00,2014.3,1962.537106589258,Prophet
2024-01-12 00:00:00,2046.7,1963.4596330563252,Prophet
2024-01-16 00:00:00,2026.0,1967.4122008831023,Prophet
2024-01-17 00:00:00,2002.6,1968.4142277157669,Prophet
2024-01-18 00:00:00,2018.6,1969.958134078899,Prophet
2024-01-19 00:00:00,2026.5,1970.6495542118832,Prophet
2024-01-22 00:00:00,2019.8,1972.805095077871,Prophet
2024-01-23 00:00:00,2023.7,1973.6625179326363,Prophet
2024-01-24 00:00:00,2013.9,1974.4252632471796,Prophet
2024-01-25 00:00:00,2016.9,1975.7289454568793,Prophet
2024-01-26 00:00:00,2016.8,1976.180295694207,Prophet
2024-01-29 00:00:00,2025.2,1977.634072592048,Prophet
2024-01-30 00:00:00,2031.5,1978.2715735386037,Prophet
2024-01-31 00:00:00,2048.4,1978.826125109466,Prophet
2024-02-01 00:00:00,2053.0,1979.936475432988,Prophet
2024-02-02 00:00:00,2036.1,1980.2125278129777,Prophet
2024-02-05 00:00:00,2025.7,1981.2780772829808,Prophet
2024-02-06 00:00:00,2034.5,1981.8401338622964,Prophet
2024-02-07 00:00:00,2035.2,1982.3489044252528,Prophet
2024-02-08 00:00:00,2032.2,1983.4436679435369,Prophet
2024-02-09 00:00:00,2023.3,1983.7339961082987,Prophet
2024-02-12 00:00:00,2018.2,1985.0040039578223,Prophet
2024-02-13 00:00:00,1992.9,1985.6773577443191,Prophet
2024-02-14 00:00:00,1990.3,1986.3112779142332,Prophet
2024-02-15 00:00:00,2002.1,1987.5391524027089,Prophet
2024-02-16 00:00:00,2011.5,1987.9639899474132,Prophet
2024-02-20 00:00:00,2027.5,1990.3144810836077,Prophet
2024-02-21 00:00:00,2022.3,1990.9807930449856,Prophet
2024-02-22 00:00:00,2019.7,1992.19977616478,Prophet
2024-02-23 00:00:00,2038.6,1992.5689243835895,Prophet
2024-02-26 00:00:00,2028.5,1993.69330502331,Prophet
2024-02-27 00:00:00,2034.0,1994.1606528672833,Prophet
2024-02-28 00:00:00,2033.0,1994.499326198334,Prophet
2024-02-29 00:00:00,2045.7,1995.3398286862507,Prophet
2024-03-01 00:00:00,2086.9,1995.284940612527,Prophet
2024-03-04 00:00:00,2117.7,1994.942393760587,Prophet
2024-03-05 00:00:00,2133.5,1994.8896188718068,Prophet
2024-03-06 00:00:00,2150.3,1994.7126000091337,Prophet
2024-03-07 00:00:00,2158.0,1995.0551569943232,Prophet
2024-03-08 00:00:00,2178.6,1994.5338223003205,Prophet
2024-03-11 00:00:00,2182.5,1993.1174538185312,Prophet
2024-03-12 00:00:00,2160.4,1992.857792199398,Prophet
2024-03-13 00:00:00,2175.4,1992.567896659402,Prophet
2024-03-14 00:00:00,2163.0,1992.9002566854333,Prophet
2024-03-15 00:00:00,2157.3,1992.478015991063,Prophet
2024-03-18 00:00:00,2160.7,1992.044752847271,Prophet
2024-03-19 00:00:00,2156.3,1992.3382217849328,Prophet
2024-03-20 00:00:00,2157.9,1992.7056836745928,Prophet
2024-03-21 00:00:00,2182.4,1993.790415298546,Prophet
2024-03-22 00:00:00,2158.1,1994.2037486070903,Prophet
2024-03-25 00:00:00,2174.8,1996.624016416696,Prophet
2024-03-26 00:00:00,2175.6,1997.9242034883937,Prophet
2024-03-27 00:00:00,2190.6,1999.292838453859,Prophet
2024-03-28 00:00:00,2217.4,2001.352169287092,Prophet
2024-04-01 00:00:00,2236.5,2007.407902562742,Prophet
2024-04-02 00:00:00,2261.0,2009.2514001481509,Prophet
2024-04-03 00:00:00,2294.4,2011.02761459184,Prophet
2024-04-04 00:00:00,2288.8,2013.3477447733187,Prophet
2024-04-05 00:00:00,2325.7,2014.794064177714,Prophet
2024-04-08 00:00:00,2331.7,2018.8684477488791,Prophet
2024-04-09 00:00:00,2343.5,2020.185807549204,Prophet
2024-04-10 00:00:00,2329.6,2021.2918704823237,Prophet
2024-04-11 00:00:00,2354.8,2022.810053431643,Prophet
2024-04-12 00:00:00,2356.2,2023.337767961174,Prophet
2024-04-15 00:00:00,2365.8,2024.143877486007,Prophet
2024-04-16 00:00:00,2390.8,2024.272389945907,Prophet
2024-04-17 00:00:00,2371.7,2024.1782608615952,Prophet
2024-04-18 00:00:00,2382.3,2024.50837559869,Prophet
2024-04-19 00:00:00,2398.4,2023.8831237933443,Prophet
2024-04-22 00:00:00,2332.2,2021.6519393505412,Prophet
2024-04-23 00:00:00,2327.7,2020.9691337628851,Prophet
2024-04-24 00:00:00,2324.5,2020.1881491300155,Prophet
2024-04-25 00:00:00,2329.8,2019.9656647082184,Prophet
2024-04-26 00:00:00,2334.8,2018.9284964140709,Prophet
2024-04-29 00:00:00,2345.4,2016.317450924628,Prophet
2024-04-30 00:00:00,2291.4,2015.7799645481675,Prophet
2024-05-01 00:00:00,2299.9,2015.2654691409305,Prophet
2024-05-02 00:00:00,2299.2,2015.4174420205336,Prophet
2024-05-03 00:00:00,2299.0,2014.847124295777,Prophet
2024-05-06 00:00:00,2321.6,2014.00936815164,Prophet
2024-05-07 00:00:00,2315.2,2014.1216712876176,Prophet
2024-05-08 00:00:00,2313.6,2014.2529361185095,Prophet
2024-05-09 00:00:00,2332.1,2015.027404964054,Prophet
2024-05-10 00:00:00,2367.3,2015.038345467716,Prophet
2024-05-13 00:00:00,2336.1,2015.5457536103552,Prophet
2024-05-14 00:00:00,2353.4,2015.935350363359,Prophet
2024-05-15 00:00:00,2388.7,2016.2463224149224,Prophet
2024-05-16 00:00:00,2380.0,2017.1002945287833,Prophet
2024-05-17 00:00:00,2412.2,2017.091063910454,Prophet
2024-05-20 00:00:00,2433.9,2016.9904197016344,Prophet
2024-05-21 00:00:00,2421.7,2017.025265234296,Prophet
2024-05-22 00:00:00,2389.2,2016.9263917906176,Prophet
2024-05-23 00:00:00,2335.0,2017.3305825119503,Prophet
2024-05-24 00:00:00,2332.5,2016.8478728195848,Prophet
2024-05-28 00:00:00,2355.2,2014.9850200215424,Prophet
2024-05-29 00:00:00,2340.3,2014.5396273521624,Prophet
2024-05-30 00:00:00,2342.9,2014.665127696356,Prophet
2024-05-31 00:00:00,2322.9,2013.9813986032775,Prophet
2024-06-03 00:00:00,2346.6,2012.4078485976024,Prophet
2024-06-04 00:00:00,2325.5,2012.1946762958632,Prophet
2024-06-05 00:00:00,2354.1,2011.9889561202117,Prophet
2024-06-06 00:00:00,2370.3,2012.4324613965096,Prophet
2024-06-07 00:00:00,2305.2,2012.1353767952344,Prophet
2024-06-10 00:00:00,2307.7,2012.0043356258263,Prophet
2024-06-11 00:00:00,2307.5,2012.315122631937,Prophet
2024-06-12 00:00:00,2336.0,2012.6270277530828,Prophet
2024-06-13 00:00:00,2300.2,2013.56473805061,Prophet
2024-06-14 00:00:00,2331.4,2013.7218555736351,Prophet
2024-06-17 00:00:00,2312.4,2014.565788540356,Prophet
2024-06-18 00:00:00,2330.4,2015.0324507806056,Prophet
2024-06-20 00:00:00,2353.8,2016.29423412871,Prophet
2024-06-21 00:00:00,2316.4,2016.3025241138257,Prophet
2024-06-24 00:00:00,2330.0,2016.115810901344,Prophet
2024-06-25 00:00:00,2316.6,2016.0720285010032,Prophet
2024-06-26 00:00:00,2299.2,2015.868314819647,Prophet
2024-06-27 00:00:00,2324.5,2016.141315790364,Prophet
2024-06-28 00:00:00,2327.7,2015.5014878731536,Prophet
2024-07-01 00:00:00,2327.6,2013.3936595361304,Prophet
2024-07-02 00:00:00,2323.0,2012.7838943060055,Prophet
2024-07-03 00:00:00,2359.8,2012.0835616138345,Prophet
2024-07-05 00:00:00,2388.5,2010.9993917578945,Prophet
2024-07-08 00:00:00,2355.2,2008.698699642587,Prophet
2024-07-09 00:00:00,2360.1,2008.2912536839756,Prophet
2024-07-10 00:00:00,2372.2,2007.9297490684296,Prophet
2024-07-11 00:00:00,2415.0,2008.26487703697,Prophet
2024-07-12 00:00:00,2414.0,2007.915648727355,Prophet
2024-07-15 00:00:00,2422.9,2008.0482010993776,Prophet
2024-07-16 00:00:00,2462.4,2008.6110833136872,Prophet
2024-07-17 00:00:00,2454.8,2009.266956754397,Prophet
2024-07-18 00:00:00,2451.8,2010.6445687001233,Prophet
2024-07-19 00:00:00,2395.5,2011.3401652681205,Prophet
2024-07-22 00:00:00,2392.0,2014.3938060166372,Prophet
2024-07-23 00:00:00,2404.6,2015.7876824552495,Prophet
2024-07-24 00:00:00,2413.3,2017.17150777019,Prophet
2024-07-25 00:00:00,2351.9,2019.158537234693,Prophet
2024-07-26 00:00:00,2380.0,2020.3324695766753,Prophet
2024-07-29 00:00:00,2377.3,2023.959473936856,Prophet
2024-07-30 00:00:00,2405.0,2025.2501628749428,Prophet
2024-07-31 00:00:00,2426.5,2026.389208516539,Prophet
2024-08-01 00:00:00,2435.0,2027.998466914978,Prophet
2024-08-02 00:00:00,2425.7,2028.673430589533,Prophet
2024-08-05 00:00:00,2401.7,2030.2343936017369,Prophet
2024-08-06 00:00:00,2389.1,2030.7094871327952,Prophet
2024-08-07 00:00:00,2390.5,2031.0040538440571,Prophet
2024-08-08 00:00:00,2422.2,2031.761373607774,Prophet
2024-08-09 00:00:00,2432.1,2031.5979728937757,Prophet
2024-08-12 00:00:00,2462.4,2030.9175843555497,Prophet
2024-08-13 00:00:00,2466.7,2030.791185907651,Prophet
2024-08-14 00:00:00,2439.4,2030.5778171651716,Prophet
2024-08-15 00:00:00,2453.1,2030.9285936433096,Prophet
2024-08-16 00:00:00,2498.6,2030.4644705607968,Prophet
2024-08-19 00:00:00,2501.8,2029.5084389186377,Prophet
2024-08-20 00:00:00,2511.3,2029.479054439228,Prophet
2024-08-21 00:00:00,2508.4,2029.439271817606,Prophet
2024-08-22 00:00:00,2478.9,2030.0254008419024,Prophet
2024-08-23 00:00:00,2508.4,2029.8414629858848,Prophet
2024-08-26 00:00:00,2517.7,2029.8048025163143,Prophet
2024-08-27 00:00:00,2516.0,2030.0418693136237,Prophet
2024-08-28 00:00:00,2501.0,2030.2160736911603,Prophet
2024-08-29 00:00:00,2525.7,2030.9459180970457,Prophet
2024-08-30 00:00:00,2493.8,2030.8195252303344,Prophet
2024-09-03 00:00:00,2489.9,2030.163733404624,Prophet
2024-09-04 00:00:00,2493.4,2029.8245055948137,Prophet
2024-09-05 00:00:00,2511.4,2029.9226742294536,Prophet
2024-09-06 00:00:00,2493.5,2029.0536502424784,Prophet
2024-09-09 00:00:00,2501.8,2025.7844058698608,Prophet
2024-09-10 00:00:00,2512.3,2024.5845160578867,Prophet
2024-09-11 00:00:00,2512.1,2023.173695655938,Prophet
2024-09-12 00:00:00,2551.2,2022.197765714512,Prophet
2024-09-13 00:00:00,2581.3,2020.276922900688,Prophet
2024-09-16 00:00:00,2580.4,2014.2356492429303,Prophet
2024-09-17 00:00:00,2564.3,2012.318935381465,Prophet
2024-09-18 00:00:00,2570.7,2010.3304582688816,Prophet
2024-09-19 00:00:00,2588.0,2008.9337130206773,Prophet
2024-09-20 00:00:00,2619.9,2006.7634278284884,Prophet
2024-09-23 00:00:00,2626.5,2001.0925090417104,Prophet
2024-09-24 00:00:00,2651.2,1999.6822845445852,Prophet
2024-09-25 00:00:00,2659.2,1998.386496698482,Prophet
2024-09-26 00:00:00,2669.9,1997.859272553661,Prophet
2024-09-27 00:00:00,2644.3,1996.722085330541,Prophet
2024-09-30 00:00:00,2636.1,1994.9478773063088,Prophet
2024-10-01 00:00:00,2667.3,1995.0268866734832,Prophet
2024-10-02 00:00:00,2647.1,1995.2725293021697,Prophet
2024-10-03 00:00:00,2657.1,1996.3112510404987,Prophet
2024-10-04 00:00:00,2645.8,1996.7364586321903,Prophet
2024-10-07 00:00:00,2644.8,1999.3550630076372,Prophet
2024-10-08 00:00:00,2615.0,2000.715994780104,Prophet
2024-10-09 00:00:00,2606.0,2002.1156159883888,Prophet
2024-10-10 00:00:00,2620.6,2004.1625204812265,Prophet
2024-10-11 00:00:00,2657.6,2005.4356033167155,Prophet
2024-10-14 00:00:00,2647.8,2009.5459756772352,Prophet
2024-10-15 00:00:00,2661.4,2011.0427008714776,Prophet
2024-10-16 00:00:00,2674.0,2012.401495850869,Prophet
2024-10-17 00:00:00,2691.0,2014.2388542573256,Prophet
2024-10-18 00:00:00,2713.7,2015.1448408525284,Prophet
2024-10-21 00:00:00,2723.1,2017.361533647616,Prophet
2024-10-22 00:00:00,2744.2,2018.0244762234615,Prophet
2024-10-23 00:00:00,2714.4,2018.482549371156,Prophet
2024-10-24 00:00:00,2734.9,2019.3738706030636,Prophet
2024-10-25 00:00:00,2740.9,2019.310062594294,Prophet
2024-10-28 00:00:00,2742.9,2018.6788702956512,Prophet
2024-10-29 00:00:00,2768.4,2018.4740295362144,Prophet
2024-10-30 00:00:00,2788.5,2018.1307452266817,Prophet
2024-10-31 00:00:00,2738.3,2018.2990116412848,Prophet
2024-11-01 00:00:00,2738.6,2017.5996954436223,Prophet
2024-11-04 00:00:00,2736.1,2015.6386335693005,Prophet
2024-11-05 00:00:00,2740.3,2015.1863423582488,Prophet
2024-11-06 00:00:00,2667.6,2014.689012472224,Prophet
2024-11-07 00:00:00,2698.4,2014.7905703336828,Prophet
2024-11-08 00:00:00,2687.5,2014.1039679007836,Prophet
2024-11-11 00:00:00,2611.2,2012.557991810868,Prophet
2024-11-12 00:00:00,2600.0,2012.332326366775,Prophet
2024-11-13 00:00:00,2580.8,2012.0863154491392,Prophet
2024-11-14 00:00:00,2568.2,2012.452562520256,Prophet
2024-11-15 00:00:00,2565.7,2012.0334097832456,Prophet
2024-11-18 00:00:00,2610.6,2011.2169979068076,Prophet
2024-11-19 00:00:00,2627.1,2011.187637345683,Prophet
2024-11-20 00:00:00,2648.2,2011.1072984942953,Prophet
2024-11-21 00:00:00,2672.1,2011.6069049988191,Prophet
2024-11-22 00:00:00,2709.9,2011.2888762440052,Prophet
2024-11-25 00:00:00,2616.8,2010.6076300585976,Prophet
2024-11-26 00:00:00,2620.3,2010.5827124017087,Prophet
2024-11-27 00:00:00,2639.9,2010.4970330149856,Prophet
2024-11-29 00:00:00,2657.0,2010.6688245744344,Prophet
2024-12-02 00:00:00,2634.9,2010.0926132597583,Prophet
2024-12-03 00:00:00,2644.7,2010.163935406414,Prophet
2024-12-04 00:00:00,2653.8,2010.215293611766,Prophet
2024-12-05 00:00:00,2626.6,2010.8896316437251,Prophet
2024-12-06 00:00:00,2638.6,2010.800508072048,Prophet
2024-12-09 00:00:00,2664.9,2011.2213131857911,Prophet
2024-12-10 00:00:00,2697.6,2011.7231308089629,Prophet
2024-12-11 00:00:00,2733.8,2012.249005478143,Prophet
2024-12-12 00:00:00,2687.5,2013.4369354879757,Prophet
2024-12-13 00:00:00,2656.0,2013.8944490406311,Prophet
2024-12-16 00:00:00,2651.4,2016.080725286762,Prophet
2024-12-17 00:00:00,2644.4,2017.1859835973885,Prophet
2024-12-18 00:00:00,2636.5,2018.3087729942165,Prophet
2024-12-19 00:00:00,2592.2,2020.07883435845,Prophet
2024-12-20 00:00:00,2628.7,2021.0958345361348,Prophet
2024-12-23 00:00:00,2612.3,2024.7559127619152,Prophet
2024-12-24 00:00:00,2620.0,2026.26561528029,Prophet
2024-12-26 00:00:00,2638.8,2029.8144538842348,Prophet
2024-12-27 00:00:00,2617.2,2031.079340836934,Prophet
2024-12-30 00:00:00,2606.1,2035.163627667713,Prophet
2024-01-02 00:00:00,2064.4,2058.89642054912,Prophet + Exog
2024-01-03 00:00:00,2034.2,2059.411194307122,Prophet + Exog
2024-01-04 00:00:00,2042.3,2056.900272670746,Prophet + Exog
2024-01-05 00:00:00,2042.4,2053.0651579957585,Prophet + Exog
2024-01-08 00:00:00,2026.6,2065.612561578782,Prophet + Exog
2024-01-09 00:00:00,2026.4,2061.9443045683934,Prophet + Exog
2024-01-10 00:00:00,2021.7,2063.3291822950773,Prophet + Exog
2024-01-11 00:00:00,2014.3,2072.2237846360213,Prophet + Exog
2024-01-12 00:00:00,2046.7,2073.7809236781977,Prophet + Exog
2024-01-16 00:00:00,2026.0,2052.500201914975,Prophet + Exog
2024-01-17 00:00:00,2002.6,2050.070665736363,Prophet + Exog
2024-01-18 00:00:00,2018.6,2048.1592765346372,Prophet + Exog
2024-01-19 00:00:00,2026.5,2050.3926521372305,Prophet + Exog
2024-01-22 00:00:00,2019.8,2050.4660681756764,Prophet + Exog
2024-01-23 00:00:00,2023.7,2046.7417315970456,Prophet + Exog
2024-01-24 00:00:00,2013.9,2048.984053864608,Prophet + Exog
2024-01-25 00:00:00,2016.9,2049.7434636927974,Prophet + Exog
2024-01-26 00:00:00,2016.8,2048.5423802122355,Prophet + Exog
2024-01-29 00:00:00,2025.2,2053.9350874450133,Prophet + Exog
2024-01-30 00:00:00,2031.5,2060.215674077433,Prophet + Exog
2024-01-31 00:00:00,2048.4,2066.570236417709,Prophet + Exog
2024-02-01 00:00:00,2053.0,2102.5881634305097,Prophet + Exog
2024-02-02 00:00:00,2036.1,2076.5672294081046,Prophet + Exog
2024-02-05 00:00:00,2025.7,2058.522202397636,Prophet + Exog
2024-02-06 00:00:00,2034.5,2070.1638055821863,Prophet + Exog
2024-02-07 00:00:00,2035.2,2071.793589945369,Prophet + Exog
2024-02-08 00:00:00,2032.2,2066.343170180337,Prophet + Exog
2024-02-09 00:00:00,2023.3,2065.871923503059,Prophet + Exog
2024-02-12 00:00:00,2018.2,2068.506816414576,Prophet + Exog
2024-02-13 00:00:00,1992.9,2046.621387296913,Prophet + Exog
2024-02-14 00:00:00,1990.3,2053.8731084393908,Prophet + Exog
2024-02-15 00:00:00,2002.1,2064.062060805835,Prophet + Exog
2024-02-16 00:00:00,2011.5,2059.3387509550926,Prophet + Exog
2024-02-20 00:00:00,2027.5,2070.92908380822,Prophet + Exog
2024-02-21 00:00:00,2022.3,2064.062187214956,Prophet + Exog
2024-02-22 00:00:00,2019.7,2069.2369879448943,Prophet + Exog
2024-02-23 00:00:00,2038.6,2075.8237633872677,Prophet + Exog
2024-02-26 00:00:00,2028.5,2080.0503031929507,Prophet + Exog
2024-02-27 00:00:00,2034.0,2077.9664675286035,Prophet + Exog
2024-02-28 00:00:00,2033.0,2078.2065036667977,Prophet + Exog
2024-02-29 00:00:00,2045.7,2080.956846602556,Prophet + Exog
2024-03-01 00:00:00,2086.9,2098.515745522579,Prophet + Exog
2024-03-04 00:00:00,2117.7,2098.769596197063,Prophet + Exog
2024-03-05 00:00:00,2133.5,2107.7138463965343,Prophet + Exog
2024-03-06 00:00:00,2150.3,2113.8836869362904,Prophet + Exog
2024-03-07 00:00:00,2158.0,2123.078823259231,Prophet + Exog
2024-03-08 00:00:00,2178.6,2123.371328416844,Prophet + Exog
2024-03-11 00:00:00,2182.5,2119.896211814051,Prophet + Exog
2024-03-12 00:00:00,2160.4,2112.5189496409917,Prophet + Exog
2024-03-13 00:00:00,2175.4,2110.3993621472105,Prophet + Exog
2024-03-14 00:00:00,2163.0,2094.196252236031,Prophet + Exog
2024-03-15 00:00:00,2157.3,2090.6942139828925,Prophet + Exog
2024-03-18 00:00:00,2160.7,2084.3382737723023,Prophet + Exog
2024-03-19 00:00:00,2156.3,2085.1715941691077,Prophet + Exog
2024-03-20 00:00:00,2157.9,2093.902025321014,Prophet + Exog
2024-03-21 00:00:00,2182.4,2087.818570363095,Prophet + Exog
2024-03-22 00:00:00,2158.1,2085.8583978750094,Prophet + Exog
2024-03-25 00:00:00,2174.8,2088.332930515066,Prophet + Exog
2024-03-26 00:00:00,2175.6,2091.0824297923746,Prophet + Exog
2024-03-27 00:00:00,2190.6,2092.944587812558,Prophet + Exog
2024-03-28 00:00:00,2217.4,2091.1209154146236,Prophet + Exog
2024-04-01 00:00:00,2236.5,2090.6702894016726,Prophet + Exog
2024-04-02 00:00:00,2261.0,2090.5110218069585,Prophet + Exog
2024-04-03 00:00:00,2294.4,2099.8099533721825,Prophet + Exog
2024-04-04 00:00:00,2288.8,2108.760749749505,Prophet + Exog
2024-04-05 00:00:00,2325.7,2100.2280902615908,Prophet + Exog
2024-04-08 00:00:00,2331.7,2102.458706995827,Prophet + Exog
2024-04-09 00:00:00,2343.5,2111.4241222360242,Prophet + Exog
2024-04-10 00:00:00,2329.6,2080.122002878658,Prophet + Exog
2024-04-11 00:00:00,2354.8,2079.338372565805,Prophet + Exog
2024-04-12 00:00:00,2356.2,2077.8477607368095,Prophet + Exog
2024-04-15 00:00:00,2365.8,2065.706788862798,Prophet + Exog
2024-04-16 00:00:00,2390.8,2060.2748897938695,Prophet + Exog
2024-04-17 00:00:00,2371.7,2072.504690931905,Prophet + Exog
2024-04-18 00:00:00,2382.3,2064.5523039873087,Prophet + Exog
2024-04-19 00:00:00,2398.4,2067.781157792015,Prophet + Exog
2024-04-22 00:00:00,2332.2,2068.5543009467237,Prophet + Exog
2024-04-23 00:00:00,2327.7,2073.9795231509693,Prophet + Exog
2024-04-24 00:00:00,2324.5,2066.9095285079925,Prophet + Exog
2024-04-25 00:00:00,2329.8,2064.4611866359737,Prophet + Exog
2024-04-26 00:00:00,2334.8,2063.8612027394406,Prophet + Exog
2024-04-29 00:00:00,2345.4,2071.8150836995574,Prophet + Exog
2024-04-30 00:00:00,2291.4,2058.0847904355046,Prophet + Exog
2024-05-01 00:00:00,2299.9,2068.739037142081,Prophet + Exog
2024-05-02 00:00:00,2299.2,2080.012123663838,Prophet + Exog
2024-05-03 00:00:00,2299.0,2090.772532103332,Prophet + Exog
2024-05-06 00:00:00,2321.6,2091.0446416416144,Prophet + Exog
2024-05-07 00:00:00,2315.2,2088.942282094931,Prophet + Exog
2024-05-08 00:00:00,2313.6,2087.5082814207162,Prophet + Exog
2024-05-09 00:00:00,2332.1,2095.593226662553,Prophet + Exog
2024-05-10 00:00:00,2367.3,2089.9588264180607,Prophet + Exog
2024-05-13 00:00:00,2336.1,2093.2056124698156,Prophet + Exog
2024-05-14 00:00:00,2353.4,2100.6893544425,Prophet + Exog
2024-05-15 00:00:00,2388.7,2116.9257513216185,Prophet + Exog
2024-05-16 00:00:00,2380.0,2112.9231244562648,Prophet + Exog
2024-05-17 00:00:00,2412.2,2109.42052839371,Prophet + Exog
2024-05-20 00:00:00,2433.9,2107.863172672363,Prophet + Exog
2024-05-21 00:00:00,2421.7,2109.3928963495005,Prophet + Exog
2024-05-22 00:00:00,2389.2,2102.8588201873704,Prophet + Exog
2024-05-23 00:00:00,2335.0,2097.287025249374,Prophet + Exog
2024-05-24 00:00:00,2332.5,2100.945944929982,Prophet + Exog
2024-05-28 00:00:00,2355.2,2093.0268467030155,Prophet + Exog
2024-05-29 00:00:00,2340.3,2078.5522030483603,Prophet + Exog
2024-05-30 00:00:00,2342.9,2088.8440190297692,Prophet + Exog
2024-05-31 00:00:00,2322.9,2092.0212161047743,Prophet + Exog
2024-06-03 00:00:00,2346.6,2105.8828278231226,Prophet + Exog
2024-06-04 00:00:00,2325.5,2113.1611051295063,Prophet + Exog
2024-06-05 00:00:00,2354.1,2113.536377271481,Prophet + Exog
2024-06-06 00:00:00,2370.3,2116.8070395368363,Prophet + Exog
2024-06-07 00:00:00,2305.2,2090.605136610917,Prophet + Exog
2024-06-10 00:00:00,2307.7,2082.897955015965,Prophet + Exog
2024-06-11 00:00:00,2307.5,2089.62783417559,Prophet + Exog
2024-06-12 00:00:00,2336.0,2105.318581264182,Prophet + Exog
2024-06-13 00:00:00,2300.2,2106.3699622559775,Prophet + Exog
2024-06-14 00:00:00,2331.4,2105.91727214659,Prophet + Exog
2024-06-17 00:00:00,2312.4,2102.840385476471,Prophet + Exog
2024-06-18 00:00:00,2330.4,2109.8894414818683,Prophet + Exog
2024-06-20 00:00:00,2353.8,2104.1189216666935,Prophet + Exog
2024-06-21 00:00:00,2316.4,2101.7813260063217,Prophet + Exog
2024-06-24 00:00:00,2330.0,2106.3692682056567,Prophet + Exog
2024-06-25 00:00:00,2316.6,2106.57872192852,Prophet + Exog
2024-06-26 00:00:00,2299.2,2092.1509926757644,Prophet + Exog
2024-06-27 00:00:00,2324.5,2099.1944160055914,Prophet + Exog
2024-06-28 00:00:00,2327.7,2092.6829534878543,Prophet + Exog
2024-07-01 00:00:00,2327.6,2077.024715210774,Prophet + Exog
2024-07-02 00:00:00,2323.0,2090.11891209938,Prophet + Exog
2024-07-03 00:00:00,2359.8,2099.5560591274466,Prophet + Exog
2024-07-05 00:00:00,2388.5,2113.1694321858895,Prophet + Exog
2024-07-08 00:00:00,2355.2,2110.4293740794815,Prophet + Exog
2024-07-09 00:00:00,2360.1,2106.512265005375,Prophet + Exog
2024-07-10 00:00:00,2372.2,2108.1041178828013,Prophet + Exog
2024-07-11 00:00:00,2415.0,2122.0114329701364,Prophet + Exog
2024-07-12 00:00:00,2414.0,2129.1557714111677,Prophet + Exog
2024-07-15 00:00:00,2422.9,2123.0230640347154,Prophet + Exog
2024-07-16 00:00:00,2462.4,2127.8377417310126,Prophet + Exog
2024-07-17 00:00:00,2454.8,2134.466355821381,Prophet + Exog
2024-07-18 00:00:00,2451.8,2126.5739702157507,Prophet + Exog
2024-07-19 00:00:00,2395.5,2118.9968965972475,Prophet + Exog
2024-07-22 00:00:00,2392.0,2121.3334229505786,Prophet + Exog
2024-07-23 00:00:00,2404.6,2119.704343734242,Prophet + Exog
2024-07-24 00:00:00,2413.3,2119.1957785326094,Prophet + Exog
2024-07-25 00:00:00,2351.9,2122.2409834728523,Prophet + Exog
2024-07-26 00:00:00,2380.0,2130.0621049020583,Prophet + Exog
2024-07-29 00:00:00,2377.3,2130.210585006627,Prophet + Exog
2024-07-30 00:00:00,2405.0,2136.276062312995,Prophet + Exog
2024-07-31 00:00:00,2426.5,2147.5969894912046,Prophet + Exog
2024-08-01 00:00:00,2435.0,2159.8736815495813,Prophet + Exog
2024-08-02 00:00:00,2425.7,2193.361266290613,Prophet + Exog
2024-08-05 00:00:00,2401.7,2203.890873188212,Prophet + Exog
2024-08-06 00:00:00,2389.1,2189.347870542276,Prophet + Exog
2024-08-07 00:00:00,2390.5,2180.282773340277,Prophet + Exog
2024-08-08 00:00:00,2422.2,2178.361387479761,Prophet + Exog
2024-08-09 00:00:00,2432.1,2183.8776097242203,Prophet + Exog
2024-08-12 00:00:00,2462.4,2188.331208169167,Prophet + Exog
2024-08-13 00:00:00,2466.7,2200.1773163816038,Prophet + Exog
2024-08-14 00:00:00,2439.4,2201.087219834353,Prophet + Exog
2024-08-15 00:00:00,2453.1,2188.1705802412375,Prophet + Exog
2024-08-16 00:00:00,2498.6,2197.0006531655276,Prophet + Exog
2024-08-19 00:00:00,2501.8,2206.034625590386,Prophet + Exog
2024-08-20 00:00:00,2511.3,2216.5681097897896,Prophet + Exog
2024-08-21 00:00:00,2508.4,2223.605401445415,Prophet + Exog
2024-08-22 00:00:00,2478.9,2212.1061065632452,Prophet + Exog
2024-08-23 00:00:00,2508.4,2220.020870140472,Prophet + Exog
2024-08-26 00:00:00,2517.7,2225.299091724839,Prophet + Exog
2024-08-27 00:00:00,2516.0,2228.4105545486946,Prophet + Exog
2024-08-28 00:00:00,2501.0,2220.4800641988263,Prophet + Exog
2024-08-29 00:00:00,2525.7,2215.8468131105124,Prophet + Exog
2024-08-30 00:00:00,2493.8,2206.4140570224367,Prophet + Exog
2024-09-03 00:00:00,2489.9,2215.1747287920784,Prophet + Exog
2024-09-04 00:00:00,2493.4,2225.536570382486,Prophet + Exog
2024-09-05 00:00:00,2511.4,2233.5821729724075,Prophet + Exog
2024-09-06 00:00:00,2493.5,2235.165701112238,Prophet + Exog
2024-09-09 00:00:00,2501.8,2233.069750624162,Prophet + Exog
2024-09-10 00:00:00,2512.3,2236.710560274231,Prophet + Exog
2024-09-11 00:00:00,2512.1,2232.824890676744,Prophet + Exog
2024-09-12 00:00:00,2551.2,2236.3306566523884,Prophet + Exog
2024-09-13 00:00:00,2581.3,2240.624262607447,Prophet + Exog
2024-09-16 00:00:00,2580.4,2246.359522309413,Prophet + Exog
2024-09-17 00:00:00,2564.3,2242.1131182146605,Prophet + Exog
2024-09-18 00:00:00,2570.7,2239.2695471860907,Prophet + Exog
2024-09-19 00:00:00,2588.0,2236.3374546819323,Prophet + Exog
2024-09-20 00:00:00,2619.9,2233.929866133652,Prophet + Exog
2024-09-23 00:00:00,2626.5,2226.383338075868,Prophet + Exog
2024-09-24 00:00:00,2651.2,2235.3332982260026,Prophet + Exog
2024-09-25 00:00:00,2659.2,2222.6360760764796,Prophet + Exog
2024-09-26 00:00:00,2669.9,2227.6503300731897,Prophet + Exog
2024-09-27 00:00:00,2644.3,2232.814173116002,Prophet + Exog
2024-09-30 00:00:00,2636.1,2219.072722152356,Prophet + Exog
2024-10-01 00:00:00,2667.3,2234.1633543067924,Prophet + Exog
2024-10-02 00:00:00,2647.1,2226.501461158498,Prophet + Exog
2024-10-03 00:00:00,2657.1,2218.7125007575837,Prophet + Exog
2024-10-04 00:00:00,2645.8,2200.504316122798,Prophet + Exog
2024-10-07 00:00:00,2644.8,2198.4121390472665,Prophet + Exog
2024-10-08 00:00:00,2615.0,2200.5713274578425,Prophet + Exog
2024-10-09 00:00:00,2606.0,2194.87808320242,Prophet + Exog
2024-10-10 00:00:00,2620.6,2193.849252786971,Prophet + Exog
2024-10-11 00:00:00,2657.6,2197.507562476845,Prophet + Exog
2024-10-14 00:00:00,2647.8,2198.39989189143,Prophet + Exog
2024-10-15 00:00:00,2661.4,2205.449719447279,Prophet + Exog
2024-10-16 00:00:00,2674.0,2203.251779549091,Prophet + Exog
2024-10-17 00:00:00,2691.0,2196.0311166403103,Prophet + Exog
2024-10-18 00:00:00,2713.7,2202.3382075903237,Prophet + Exog
2024-10-21 00:00:00,2723.1,2189.7269745441286,Prophet + Exog
2024-10-22 00:00:00,2744.2,2188.9337865188163,Prophet + Exog
2024-10-23 00:00:00,2714.4,2180.878275047801,Prophet + Exog
2024-10-24 00:00:00,2734.9,2189.866453946814,Prophet + Exog
2024-10-25 00:00:00,2740.9,2183.8624398325824,Prophet + Exog
2024-10-28 00:00:00,2742.9,2181.7573285916137,Prophet + Exog
2024-10-29 00:00:00,2768.4,2182.35349513579,Prophet + Exog
2024-10-30 00:00:00,2788.5,2184.117321793476,Prophet + Exog
2024-10-31 00:00:00,2738.3,2185.9444163949365,Prophet + Exog
2024-11-01 00:00:00,2738.6,2181.3801265244347,Prophet + Exog
2024-11-04 00:00:00,2736.1,2191.4477310606344,Prophet + Exog
2024-11-05 00:00:00,2740.3,2201.5817694374796,Prophet + Exog
2024-11-06 00:00:00,2667.6,2164.519055097539,Prophet + Exog
2024-11-07 00:00:00,2698.4,2180.9002616123926,Prophet + Exog
2024-11-08 00:00:00,2687.5,2176.6846485420256,Prophet + Exog
2024-11-11 00:00:00,2611.2,2168.931613813891,Prophet + Exog
2024-11-12 00:00:00,2600.0,2149.990853108583,Prophet + Exog
2024-11-13 00:00:00,2580.8,2142.008227625877,Prophet + Exog
2024-11-14 00:00:00,2568.2,2140.887989994162,Prophet + Exog
2024-11-15 00:00:00,2565.7,2139.7088385224806,Prophet + Exog
2024-11-18 00:00:00,2610.6,2141.0495571311053,Prophet + Exog
2024-11-19 00:00:00,2627.1,2147.2450778912275,Prophet + Exog
2024-11-20 00:00:00,2648.2,2138.041184526611,Prophet + Exog
2024-11-21 00:00:00,2672.1,2132.663771062584,Prophet + Exog
2024-11-22 00:00:00,2709.9,2124.1073496508234,Prophet + Exog
2024-11-25 00:00:00,2616.8,2146.8069410916382,Prophet + Exog
2024-11-26 00:00:00,2620.3,2140.745997095696,Prophet + Exog
2024-11-27 00:00:00,2639.9,2155.2352831820604,Prophet + Exog
2024-11-29 00:00:00,2657.0,2163.2866760648067,Prophet + Exog
2024-12-02 00:00:00,2634.9,2153.376259007579,Prophet + Exog
2024-12-03 00:00:00,2644.7,2148.1690566978045,Prophet + Exog
2024-12-04 00:00:00,2653.8,2152.5750069567403,Prophet + Exog
2024-12-05 00:00:00,2626.6,2162.4862311099255,Prophet + Exog
2024-12-06 00:00:00,2638.6,2160.467482748335,Prophet + Exog
2024-12-09 00:00:00,2664.9,2151.607522159614,Prophet + Exog
2024-12-10 00:00:00,2697.6,2148.40602595318,Prophet + Exog
2024-12-11 00:00:00,2733.8,2140.179815521274,Prophet + Exog
2024-12-12 00:00:00,2687.5,2132.579258844389,Prophet + Exog
2024-12-13 00:00:00,2656.0,2124.6299814440526,Prophet + Exog
2024-12-16 00:00:00,2651.4,2130.4861595621733,Prophet + Exog
2024-12-17 00:00:00,2644.4,2129.5509650239374,Prophet + Exog
2024-12-18 00:00:00,2636.5,2107.4574620922435,Prophet + Exog
2024-12-19 00:00:00,2592.2,2098.4912210422845,Prophet + Exog
2024-12-20 00:00:00,2628.7,2114.3527008654064,Prophet + Exog
2024-12-23 00:00:00,2612.3,2108.9213889966013,Prophet + Exog
2024-12-24 00:00:00,2620.0,2108.437769528372,Prophet + Exog
2024-12-26 00:00:00,2638.8,2115.6413349594804,Prophet + Exog
2024-12-27 00:00:00,2617.2,2115.4568848029085,Prophet + Exog
2024-12-30 00:00:00,2606.1,2126.9888176343156,Prophet + Exog
